b0464,b0463,1
b0464,b0462,0.993382564
b0464,b0464,0
b2213,b2213,0
b2213,b4187,0.967115287
b2213,b2068,0.201514196
b2213,b2212,0.92168293
b4116,b4117,0.164943032
b4116,b3517,0.324250441
b4116,b1493,0.370089052
b4116,b1492,0.387789068
b4116,b3516,0.514499695
b4116,b3212,0.979889997
b4116,b3213,0.967870788
b4116,b3214,0.208268059
b3131,b3138,0.793963255
b3131,b3140,0.462728551
b3131,b3141,0.751846381
b3131,b3131,0
b3131,b3133,0.093659942
b3131,b3137,0.94165536
b3131,b3132,0.24963925
b4187,b4187,0
b2697,b2697,0
b0504,b0516,0.608556057
b0504,b0517,0.01610808
b0504,b0515,0.344395797
b0564,b0980,0.357415544
b0564,b0979,0.373067624
b0564,b0978,0.851145871
b0564,b0972,0.691658857
b0564,b0973,0.802659771
b0564,b0974,0.323537969
b0564,b0975,0.627527723
b0564,b0976,0.295446213
b0564,b0977,0.139885066
b0064,b0062,0.496869183
b0064,b0063,0.576002696
b0064,b0064,0
b0064,b0061,0.666946732
b0064,b2841,0.463598901
b0064,b1901,0.647324531
b0064,b1900,0.292887746
b0064,b0396,0.827738967
b0064,b3565,0.781759511
b0064,b3564,0.453262179
b4401,b4014,0.440789474
b4401,b0114,0.994186047
b4401,b0115,0.65
b4401,b1276,0.993589744
b4401,b0118,0.039325843
b4401,b0311,0.739361702
b4401,b0313,0.098901099
b4401,b4131,0.506756757
b4401,b4132,0.396648045
b4401,b0038,0.344827586
b4401,b0037,0.382653061
b4401,b0036,0.774193548
b4401,b0035,0.886363636
b4401,b0040,0.445
b4401,b0618,0.907608696
b4401,b0617,0.315789474
b4401,b0616,0.912280702
b4401,b0613,0.917808219
b4401,b0614,0.391061453
b4401,b0734,0.993333333
b4401,b0886,0.37654321
b4401,b0432,1
b4401,b0430,0.962264151
b4401,b0429,0.625730994
b4401,b0620,0.944055944
b4401,b3845,0.718954248
b4401,b3846,0.864516129
b4401,b1334,0.969325153
b4401,b1612,0.993975904
b4401,b2975,0.532967033
b4401,b4467,0.863354037
b4401,b2243,0.81920904
b4401,b0720,0.153409091
b4401,b2579,0.668711656
b4401,b1210,0.823529412
b4401,b0972,0.698324022
b4401,b0974,0.5
b4401,b0975,0.544378698
b4401,b0976,0.264248705
b4401,b0977,0.1
b4401,b2993,0.31840796
b4401,b2992,0.825806452
b4401,b2990,0.852760736
b4401,b2997,0.208333333
b4401,b0116,0.748571429
b4401,b1109,0.780346821
b4401,b2288,0.941605839
b4401,b2287,0.954248366
b4401,b2286,1
b4401,b2285,0.966887417
b4401,b2284,0.852941176
b4401,b2283,0.670658683
b4401,b2278,0.902097902
b4401,b2277,0.531428571
b4401,b1243,0.855555556
b4401,b1245,0.965714286
b4401,b0903,0.99378882
b4401,b1299,0.062111801
b4401,b3907,0.835443038
b4401,b3320,0.777142857
b4401,b3318,0.343373494
b4401,b3312,0.316455696
b4401,b3321,0.415789474
b4401,b3316,0.788571429
b4401,b1012,0.282208589
b4401,b1011,0.226190476
b4401,b1010,0.878306878
b4401,b1009,0.177514793
b4401,b1007,0.929032258
b4401,b1006,0.255952381
b4401,b0721,0.547619048
b4401,b0722,0.505376344
b4401,b3908,0.986577181
b4401,b4059,1
b4401,b0726,0.944444444
b4401,b0727,0.988826816
b4401,b0729,0.96969697
b4401,b1324,0.67539267
b4401,b4040,0.489690722
b4401,b4039,1
b2916,b2923,0.293827647
b2916,b2916,0
b2916,b0031,0.987763963
b2916,b0166,0.994036971
b2916,b3702,1
b2916,b1761,1
b2916,b2838,0.977205447
b2916,b4024,0.236552749
b2916,b2156,0.637785919
b2916,b2234,0.973594378
b2916,b2235,0.919643731
b2916,b3700,0.966048164
b2916,b2236,0.939070602
b3237,b3359,0.781341108
b3237,b0273,0.979289941
b3237,b3172,0.775623269
b3237,b3237,0
b3237,b0864,0.963746224
b3237,b1747,0.913544669
b3237,b1745,1
b3237,b1748,1
b3237,b1746,0.808716707
b3237,b1744,0.656836461
b3237,b3213,0.786324786
b3237,b3214,0.369272237
b3237,b2309,0.964769648
b3237,b2307,0.531165312
b3237,b2306,0.909836066
b3237,b3168,0.99702381
b3237,b3169,0.925333333
b3237,b3164,0.969465649
b3237,b3167,0.615598886
b3237,b3170,0.977961433
b3237,b3165,0.566298343
b3237,b3166,0.589285714
b3501,b3502,0.704879016
b3501,b3503,0.265602909
b3501,b3501,0
b2714,b0330,0.278181818
b3743,b3743,0
b3743,b3742,0.945053064
b3743,b3741,0.978603006
b2220,b2222,0.524996891
b2220,b2224,0.190159083
b2220,b2221,0.328007519
b2220,b2223,0.237723841
b2079,b2470,0.881947262
b2079,b2079,0
b2079,b2078,0.049780964
b2079,b2074,0.12231405
b2079,b2075,0.956521739
b2079,b2077,0.909458367
b2079,b1743,0.904176904
b4113,b1040,0.506352087
b4113,b1039,0.378378378
b4113,b1038,0.159774436
b4113,b1037,0.119584055
b4113,b1552,0.358823529
b4113,b0461,0.945179584
b4113,b3207,0.960784314
b0313,b0311,0.752017214
b0313,b0312,0.270686858
b0313,b0313,0
b0313,b0314,0.234608082
b4366,b3721,0.008036545
b4366,b3722,0.06170104
b4366,b3723,0.011318524
b4366,b0076,0.096875265
b3973,b0774,0.421443421
b3973,b0775,0.934624697
b3973,b0777,0.011012542
b3973,b0778,0.155493482
b3973,b0776,0.001183782
b1162,b1166,0.077570435
b1162,b1164,0.286738351
b1162,b1165,0.414040115
b4133,b4131,0.373461485
b4133,b4132,0.247052296
b4133,b4133,0
b0034,b0039,0.407530888
b0034,b0038,0.406167141
b0034,b0037,0.229170751
b0034,b0036,0.896887926
b0034,b0035,0.919386359
b0034,b0040,0.533694048
b0034,b0041,0.058811901
b0034,b0042,0.918010359
b0034,b0043,0.513617147
b0034,b0044,0.449235594
b1987,b0936,0.071814031
b1987,b0933,0.532971619
b1987,b0934,0.711036579
b1987,b0935,0.588693547
b1987,b0937,0.166632465
b1987,b0365,0.773604482
b1987,b0366,0.7450307
b1987,b0367,0.826991058
b1987,b0368,0.680848818
b0162,b0162,0
b0162,b3124,0.900785855
b0162,b3127,0.117357002
b0162,b2789,0.083743842
b0162,b2788,0.384070796
b0162,b3123,0.995344507
b1735,b1736,0.782623674
b1735,b1738,0.856261144
b1735,b1737,0.039814878
b1735,b1734,0.14082397
b1735,b1733,0.413740878
b1735,b1735,0
b3912,b3911,0.9
b3912,b3912,0
b3912,b3688,0.818181818
b0080,b4014,0.942942943
b0080,b0115,0.931872038
b0080,b4016,0.411004209
b0080,b1276,0.990525672
b0080,b0118,0.756604334
b0080,b1241,0.991128786
b0080,b0112,0.811144578
b0080,b0311,0.992786294
b0080,b0312,0.650445104
b0080,b0313,0.593235558
b0080,b0314,0.497672975
b0080,b2417,0.967113276
b0080,b1040,0.297677262
b0080,b1039,0.215438802
b0080,b1038,0.036946565
b0080,b1037,0.00739645
b0080,b0734,0.971335697
b0080,b0432,0.985051861
b0080,b0431,0.966465257
b0080,b0430,0.964009518
b0080,b0429,0.948590895
b0080,b0428,0.638812366
b0080,b1851,0.481890731
b0080,b3613,0.393604304
b0080,b2169,0.852790347
b0080,b2168,0.913739988
b0080,b2980,0.729172978
b0080,b3612,0.991404861
b0080,b2712,0.975774302
b0080,b0116,0.983852026
b0080,b1818,0.978545888
b0080,b1819,0.884194529
b0080,b1532,0.16
b0080,b1530,0.527411316
b0080,b4233,0.654044229
b0080,b3365,0.985996956
b0080,b3367,0.878313253
b0080,b0113,0.593298494
b0080,b0871,0.828856022
b0080,b1702,0.551472821
b0080,b0331,0.383247966
b0080,b0333,0.251129178
b0080,b0335,0.354135111
b0080,b0070,0.301660517
b0080,b1780,0.592316855
b0080,b3614,0.357121529
b0080,b1852,0.737334138
b3357,b4014,0.952380952
b3357,b0114,0
b3357,b0115,0.875
b3357,b1276,1
b3357,b0118,0.75862069
b3357,b3588,0.8
b3357,b3172,1
b3357,b4139,0.9375
b3357,b0039,0.45
b3357,b0037,0.136363636
b3357,b0613,0.269230769
b3357,b0614,0.458333333
b3357,b3357,0
b3357,b1039,0.2
b3357,b0623,0
b3357,b0432,1
b3357,b0429,0.888888889
b3357,b3368,0.961538462
b3357,b4382,0.966666667
b3357,b4383,1
b3357,b2927,0.608695652
b3357,b2925,0.407407407
b3357,b1384,0.275862069
b3357,b4289,1
b3357,b3261,0.861111111
b3357,b0041,0.083333333
b3357,b0044,0.44
b3357,b2492,0.458333333
b3357,b0683,1
b3357,b2663,0.24
b3357,b2662,0.75862069
b3357,b2904,0
b3357,b3430,1
b3357,b3870,0.944444444
b3357,b3869,0.689655172
b3357,b2243,0.814814815
b3357,b0720,0.76
b3357,b2579,1
b3357,b2614,0.653846154
b3357,b2231,0.96969697
b3357,b4174,0.416666667
b3357,b0107,1
b3357,b4000,1
b3357,b0440,0.888888889
b3357,b2481,0
b3357,b2482,0.25
b3357,b2483,0.083333333
b3357,b2485,0.470588235
b3357,b2486,0.5
b3357,b2488,0.583333333
b3357,b3670,0
b3357,b3168,1
b3357,b0345,1
b3357,b0116,1
b3357,b3418,0.740740741
b3357,b1531,0.947368421
b3357,b2782,0.931034483
b3357,b2150,1
b3357,b0351,1
b3357,b0763,0.75
b3357,b3600,0.958333333
b3357,b0678,0
b3357,b0675,0
b3357,b3224,0.56
b3357,b3414,0.55
b3357,b0553,0.7
b3357,b3169,1
b3357,b0929,0.967741935
b3357,b4376,1
b3357,b1390,0.533333333
b3357,b1391,0.458333333
b3357,b1393,0.111111111
b3357,b1394,0.1
b3357,b1395,0.086956522
b3357,b1387,0.444444444
b3357,b0903,1
b3357,b2926,0
b3357,b3164,1
b3357,b0331,0.958333333
b3357,b0333,0.730769231
b3357,b0334,0.421052632
b3357,b0335,1
b3357,b0330,1
b3357,b3167,0.971428571
b3357,b2784,0
b3357,b3170,1
b3357,b0189,0
b3357,b2913,0
b3357,b3581,0.6
b3357,b3582,0.055555556
b3357,b0726,0.925925926
b3357,b0729,0.916666667
b3357,b3116,0.391304348
b3357,b3781,0.565217391
b3357,b0411,0
b3357,b2232,0.578947368
b3357,b3452,0.666666667
b3357,b3453,0.727272727
b3357,b3450,0.862068966
b3357,b4196,0.678571429
b3357,b3091,0
b3357,b3092,0.923076923
b3357,b3356,0.413793103
b3357,b3578,0.142857143
b3357,b3579,0.576923077
b1040,b0385,0.468165662
b1040,b1042,0.619515189
b1040,b1041,0.026672763
b1040,b1043,0.063229719
b1040,b1040,0
b1040,b1039,0.011216964
b1040,b1038,0.01727182
b1040,b1037,0.01188468
b1040,b1937,0.760682447
b1040,b1938,0.826010545
b1040,b1939,0.820763359
b1040,b1940,0.568840303
b1040,b1941,0.667301394
b1040,b1942,0.711976824
b1040,b1943,0.378230348
b1040,b0382,0.824161585
b1040,b3661,0.477532369
b1040,b0964,0.289375618
b2664,b2659,0.730816679
b2664,b2661,0.262143031
b2664,b2663,0.088972138
b2664,b2662,0.351994234
b2664,b2660,0.667883212
b0487,b0484,0.072768192
b0487,b0123,0.490733877
b0487,b0781,0.985163205
b0487,b0782,0.957308249
b0487,b0783,0.904187367
b0487,b0784,0.977661951
b0487,b0785,0.908679245
b0571,b0575,0.117850953
b0571,b0572,0.067061144
b0571,b0573,0.039800995
b0571,b0571,0
b0571,b0570,0.668965517
b0338,b0338,0
b0338,b0340,0.010358821
b0338,b0339,0.045958627
b0338,b0341,0.678474114
b1275,b1987,0.44066974
b1275,b2422,0.607422581
b1275,b1275,0
b1275,b2750,0.355283864
b1275,b2752,0.677883472
b1275,b2762,0.611988131
b1275,b2763,0.878971623
b1275,b2764,0.963653986
b1275,b2421,0.678725962
b1275,b2751,0.877713459
b1275,b2425,0.974544577
b1275,b2424,0.808971104
b1275,b1379,0.83607757
b1275,b0936,0.326574946
b1275,b0933,0.783542039
b1275,b0934,0.804169679
b1275,b0935,0.511127415
b1275,b0937,0.390702156
b1275,b0365,0.93013682
b1275,b0366,0.640399423
b1275,b0367,0.756669843
b1275,b0368,0.629584796
b3934,b2143,0.587115666
b3934,b3934,0
b3934,b2393,0.39800995
b3934,b2964,0.335745297
b4124,b3528,0.938730414
b4124,b4123,0.990474339
b4124,b0620,0.898775986
b4124,b0619,0.115414407
b4124,b4153,0.860252005
b4124,b4152,0.27956778
b4124,b4122,0.306028708
b0840,b4382,0.989608802
b0840,b4383,0.994545455
b0840,b0411,0.936061381
b1201,b1200,0.889303635
b1201,b1201,0
b1570,b1575,0.390694492
b1570,b1579,0.18336163
b1570,b1576,0.76384535
b1570,b1577,0.400864937
b0226,b0623,0.69760479
b0226,b0226,0
b0226,b0225,0.123919308
b3702,b1415,0.961133603
b3702,b3702,0
b3702,b2507,0.04563336
b3702,b2508,1
b3702,b2234,0.305152979
b3702,b2235,0.025472473
b3702,b3700,0.384236453
b3702,b3461,0.611156023
b3702,b2236,0.421292776
b0620,b0564,0.290886392
b0620,b0618,0.236502347
b0620,b0617,0.33410943
b0620,b0616,0.321873148
b0620,b0615,0.826340326
b0620,b0613,0.209275362
b0620,b0614,0.679738562
b0620,b0620,0
b0620,b0619,0.04616307
b2365,b2366,0.267876542
b2365,b2365,0
b3075,b3076,0.131087662
b0294,b0293,0.225272021
b0294,b0294,0
b0294,b1891,0.745598688
b0294,b1892,0.655913394
b0294,b1922,0.46582841
b0294,b1923,0.580703287
b0294,b1920,0.962377645
b0294,b1921,0.296207367
b3264,b0463,0.998911861
b3264,b0462,0.994148286
b0566,b2215,0.943435056
b2369,b2470,0.882339554
b2369,b2368,0.008523382
b2369,b2367,0.01025641
b2369,b2369,0
b2369,b2370,0.012895928
b2369,b2374,0.058634169
b2369,b3512,0.330804598
b2369,b3513,0.690393115
b2369,b3514,0.364220183
b2369,b1500,0.00567022
b2369,b1499,0.022356777
b2369,b1501,0.030399274
b2369,b2085,0.036038131
b2369,b2083,0.060051607
b2369,b2375,0.10289314
b3094,b3094,0
b3094,b3091,0.31372549
b3094,b3092,0.323529412
b1187,b3845,0.705882353
b1187,b3495,0
b1384,b1385,0.629260766
b2731,b4079,0.662712837
b2731,b2731,0
b2731,b2492,0.497782919
b2731,b2725,0.368286946
b2731,b2724,0.038983375
b2731,b2723,0.324504611
b2731,b2722,0.421993394
b2731,b2721,0.634883721
b2731,b2720,0.421875
b2731,b2719,0.435927443
b2731,b2718,0.656704832
b2731,b2717,0.965396579
b2731,b2713,0.453477172
b2731,b2481,0.289648438
b2731,b2482,0.329754002
b2731,b2483,0.227477037
b2731,b2484,0.197105984
b2731,b2485,0.245294003
b2731,b2486,0.389409291
b2731,b2487,0.498246298
b2731,b2488,0.173556942
b2731,b2489,0.315408085
b2731,b2490,0.81996124
b2731,b2491,0.609873223
b2731,b2726,0.746735791
b2731,b2728,0.825053161
b2731,b2729,0.918961448
b2731,b2730,0.322976601
b2731,b2712,0.819444444
b3261,b0118,0.298337708
b3261,b1241,0.988526037
b3261,b3853,0.933691756
b3261,b3588,0.971103327
b3261,b2957,0.921428571
b3261,b0050,0.954939341
b3261,b3721,0.73015873
b3261,b3722,0.863428048
b3261,b3723,0.564588979
b3261,b0032,0.972807018
b3261,b0033,0.749140893
b3261,b3357,0.997379913
b3261,b1552,0.179236912
b3261,b3368,0.925093633
b3261,b4382,0.979390681
b3261,b4383,0.939341421
b3261,b4381,0.985507246
b3261,b0894,0.444061962
b3261,b0896,0.390347163
b3261,b0812,0.987432675
b3261,b3845,0.536752137
b3261,b3846,0.978165939
b3261,b3261,0
b3261,b1566,0.898734177
b3261,b4122,0.905643739
b3261,b3517,0.632545932
b3261,b1493,0.415891801
b3261,b1492,0.387846291
b3261,b3516,0.674476987
b3261,b2980,0.688073394
b3261,b3870,0.97440585
b3261,b3868,0.543119266
b3261,b3869,0.340353833
b3261,b0809,0.987735849
b3261,b2241,0.852575488
b3261,b2242,0.528940338
b3261,b2243,0.936493739
b3261,b2239,0.108010801
b3261,b2240,0.120141343
b3261,b2864,0.25826087
b3261,b2579,0.915021459
b3261,b2507,0.17309417
b3261,b2508,0.977508651
b3261,b2231,0.760213144
b3261,b1182,0.84173913
b3261,b1237,0.969801553
b3261,b4000,0.957155099
b3261,b0440,0.218997361
b3261,b0972,0.897637795
b3261,b0973,0.844843049
b3261,b0974,0.592592593
b3261,b0975,0.466192171
b3261,b0976,0.2657277
b3261,b0977,0.147569444
b3261,b3168,0.956637168
b3261,b0116,0.985624438
b3261,b4034,0.980513729
b3261,b4033,1
b3261,b4032,0.965034965
b3261,b1531,0.882142857
b3261,b1532,0.11033275
b3261,b1530,0.230017762
b3261,b2783,0.927046263
b3261,b2782,0.436103664
b3261,b2781,0.32244196
b3261,b2149,0.894736842
b3261,b2148,0.944006999
b3261,b4219,0.98542024
b3261,b3600,0.931838565
b3261,b3601,0.99378882
b3261,b3225,0.935193519
b3261,b3223,0.232269504
b3261,b3224,0.376811594
b3261,b1224,0.987566607
b3261,b1225,0.751123091
b3261,b1227,0.784965035
b3261,b1226,0.196460177
b3261,b1109,0.358506944
b3261,b3365,0.852282901
b3261,b3366,0.158135283
b3261,b2234,0.396003633
b3261,b2235,0.177996422
b3261,b4070,0.91931097
b3261,b4071,0.943512798
b3261,b4072,0.132973944
b3261,b4073,0.987295826
b3261,b4074,0.340811044
b3261,b4075,0.841071429
b3261,b4076,0.271758437
b3261,b2288,0.871889401
b3261,b2287,0.881278539
b3261,b2286,0.998247152
b3261,b2285,0.91331546
b3261,b2284,0.623330365
b3261,b2283,0.136767318
b3261,b2282,0.882457703
b3261,b2278,0.713554987
b3261,b2277,0.105081826
b3261,b3169,0.999122807
b3261,b1335,0.744147157
b3261,b1739,0.91393079
b3261,b4376,0.982514571
b3261,b0903,0.989295272
b3261,b3545,0.269683258
b3261,b0945,0.068246445
b3261,b3167,0.955922865
b3261,b3170,0.658623771
b3261,b3123,0.983856502
b3261,b3230,0.977489177
b3261,b3165,0.959147425
b3261,b0205,0.989130435
b3261,b2589,0.985533454
b3261,b2591,0.991079393
b3261,b1480,0.928186715
b3261,b1229,0.987132353
b3261,b3166,0.934973638
b3261,b3566,0.945535714
b3261,b3567,0.955302366
b3261,b3568,0.964943032
b3261,b1797,0.122574956
b3261,b2236,0.55021097
b3261,b3221,0.825046041
b3261,b4068,0.07027027
b3261,b1796,0.903052065
b1891,b2201,0.880623875
b1891,b2200,0.881979955
b1891,b2199,0.793413174
b1891,b2198,0.171347171
b1891,b2197,0.383969618
b1891,b2196,0.603652418
b1891,b2195,0.758935663
b1891,b2194,0.49408646
b1891,b1072,0.51222421
b1891,b1073,0.094690087
b1891,b1074,0.609237686
b1891,b1075,0.720364742
b1891,b1076,0.146663995
b1891,b1077,0.764647071
b1891,b1078,0.439637412
b1891,b1079,0.012442304
b1891,b1080,0.027936378
b1891,b1081,0.363453005
b1891,b1071,0.731300813
b1891,b1070,0.506349857
b1891,b1879,0.23585287
b1891,b1880,0.614448052
b1891,b1922,0.089933158
b1891,b1924,0.017609814
b1891,b1937,0.578366446
b1891,b1938,0.714028056
b1891,b1939,0.775086505
b1891,b1940,0.288601455
b1891,b1941,0.378098334
b1891,b1942,0.442503048
b1891,b1943,0.143372769
b1891,b1944,0.181472589
b1891,b1945,0.116025509
b1891,b1946,0.089816701
b1891,b1947,0.065305297
b1891,b1948,0.047676524
b1891,b1949,0.05224327
b1891,b1950,0.03670835
b1891,b1925,0.44752275
b1891,b1920,0.960413766
b1891,b1921,0.038522954
b1891,b2241,0.954400637
b1891,b2242,0.913765506
b1891,b2243,0.919639196
b1891,b0654,0.948505654
b1891,b0653,0.694711048
b1891,b0652,0.883986928
b1891,b2713,0.78321256
b1891,b2712,0.928571429
b1891,b2149,0.401038546
b1891,b2150,0.977671451
b1891,b2148,0.952620968
b1891,b2203,0.182252288
b1891,b2202,0.930708978
b1891,b2207,0.737281237
b1891,b2208,0.180952381
b1891,b2205,0.822093256
b1891,b2204,0.879594675
b1891,b4070,0.95727198
b1891,b4071,0.300850891
b1891,b4072,0.757226602
b1891,b4073,0.870559904
b1891,b4074,0.382880161
b1891,b4075,0.319692058
b1891,b4076,0.297025641
b1891,b2826,0.170121951
b1891,b2825,0.800492106
b1891,b2823,0.880129371
b1891,b2822,0.773279352
b1891,b1194,0.047907823
b1891,b1904,0.007612179
b1891,b2737,0.245187437
b1921,b1042,0.666963161
b1921,b1041,0.055058092
b1921,b1043,0.232471777
b1921,b1040,0.342340347
b1921,b1039,0.159710836
b1921,b1038,0.122628827
b1921,b1037,0.078487942
b1921,b1891,0.649066468
b1921,b1892,0.540975104
b1921,b1493,0.471759089
b1921,b1492,0.46992872
b1921,b3512,0.445920867
b1921,b1285,0.472654808
b1921,b3510,0.928160275
b1921,b3509,0.797440095
b1921,b3513,0.774039893
b1921,b3514,0.557651376
b1921,b2127,0.539414164
b1921,b4376,0.995158287
b1921,b3508,0.597059482
b1334,b0114,0.995833333
b1334,b0115,0.96809681
b1334,b1276,0.926091825
b1334,b3265,0.324496288
b1334,b3266,0.275189599
b1334,b1241,0.993362832
b1334,b1415,0.580540541
b1334,b0451,0.268162393
b1334,b2957,0.826519337
b1334,b4139,0.977218225
b1334,b0928,0.986330179
b1334,b3532,0.807603687
b1334,b4133,0.284928493
b1334,b0038,0.485106383
b1334,b0037,0.322869955
b1334,b0036,0.801927195
b1334,b0035,0.912416851
b1334,b2201,0.678986272
b1334,b2200,0.742857143
b1334,b2199,0.68246968
b1334,b2198,0.246981339
b1334,b2197,0.407029478
b1334,b2196,0.252985885
b1334,b2195,0.521787709
b1334,b2194,0.439869989
b1334,b1883,0.118110236
b1334,b1884,0.142227122
b1334,b1882,0.621679065
b1334,b1881,0.206971678
b1334,b0618,0.248671626
b1334,b0617,0.3200883
b1334,b0615,0.743383199
b1334,b0613,0.212972973
b1334,b0614,0.408648649
b1334,b0734,0.993220339
b1334,b0886,0.844271413
b1334,b0887,0.425324675
b1334,b0432,0.986425339
b1334,b0431,0.965226554
b1334,b0430,0.966850829
b1334,b0429,0.945885006
b1334,b0428,0.883569097
b1334,b4138,0.803012746
b1334,b0894,0.310344828
b1334,b0896,0.62116041
b1334,b1591,0.536973834
b1334,b3544,0.991179713
b1334,b3543,0.787068004
b1334,b3541,0.872410033
b1334,b2368,0.078125
b1334,b2367,0.057268722
b1334,b0586,0.219298246
b1334,b4079,0.645336226
b1334,b1474,0.060240964
b1334,b1475,0.319101124
b1334,b1476,0.30387931
b1334,b3409,0.699561404
b1334,b0587,0.222222222
b1334,b0041,0.146314631
b1334,b0043,0.68153527
b1334,b0044,0.280623608
b1334,b1334,0
b1334,b2492,0.713004484
b1334,b4154,0.84714747
b1334,b1612,0.879781421
b1334,b4122,0.593311758
b1334,b1611,0.348837209
b1334,b3517,0.676470588
b1334,b3515,0.948024948
b1334,b3516,0.906976744
b1334,b3124,0.676666667
b1334,b3127,0.361956522
b1334,b2904,0.991640543
b1334,b2903,0.986899563
b1334,b2905,0.995811518
b1334,b1761,0.986696231
b1334,b0450,0.389793702
b1334,b2241,0.8436853
b1334,b2242,0.736080178
b1334,b2243,0.820658343
b1334,b2239,0.660674157
b1334,b2240,0.619198312
b1334,b3212,0.866242038
b1334,b3213,0.829508197
b1334,b3214,0.351441242
b1334,b2579,0.981876333
b1334,b0873,0.290465632
b1334,b0872,0.393736018
b1334,b1182,0.270574972
b1334,b2484,0.609619687
b1334,b2485,0.45751634
b1334,b2486,0.421052632
b1334,b2487,0.577801959
b1334,b2488,0.396551724
b1334,b2491,0.431590656
b1334,b2728,0.760312152
b1334,b2729,0.961453744
b1334,b2730,0.637209302
b1334,b3942,0.940996948
b1334,b0116,0.99143469
b1334,b3416,0.806557377
b1334,b0781,0.966629588
b1334,b0782,0.926470588
b1334,b0783,0.859887006
b1334,b0784,0.962585034
b1334,b0785,0.739459459
b1334,b1988,0.215664018
b1334,b2203,0.282511211
b1334,b2202,0.907580478
b1334,b2207,0.553797468
b1334,b2208,0.246603971
b1334,b2205,0.564948454
b1334,b2204,0.681434599
b1334,b1224,0.482006543
b1334,b1225,0.385032538
b1334,b1227,0.274701412
b1334,b1226,0.336580087
b1334,b1223,0.230031949
b1334,b1221,0.973317865
b1334,b1222,0.550438596
b1334,b1109,0.851528384
b1334,b3477,0.705567452
b1334,b3480,0.606430155
b1334,b3365,0.688053097
b1334,b3367,0.801081081
b1334,b3366,0.566381156
b1334,b2711,0.767220903
b1334,b4070,0.883280757
b1334,b4071,0.444687842
b1334,b4072,0.569767442
b1334,b4074,0.391061453
b1334,b4075,0.571746385
b1334,b4076,0.304106548
b1334,b2288,0.985697259
b1334,b2287,0.982042649
b1334,b2286,0.995802728
b1334,b2285,0.989749431
b1334,b2284,0.894168467
b1334,b2283,0.772978959
b1334,b2282,0.978284473
b1334,b2278,0.940972222
b1334,b2277,0.664351852
b1334,b1256,0.160480349
b1334,b0113,0.786267996
b1334,b1127,0.536036036
b1334,b1212,0.648619958
b1334,b3726,0.985682819
b1334,b3727,0.938363443
b1334,b3728,0.992857143
b1334,b2499,0.738611714
b1334,b3123,0.98536036
b1334,b1716,0.947310648
b1334,b3318,0.981191223
b1334,b3312,0.943566591
b1334,b3230,1
b1334,b3321,0.993258427
b1334,b3316,0.979189485
b1334,b0724,0.943293348
b1334,b0721,0.849056604
b1334,b0722,0.88185654
b1334,b3908,0.987165775
b1334,b4063,0.992465016
b1334,b4062,0.948598131
b1334,b0936,0.169125993
b1334,b0933,0.505854801
b1334,b0935,0.143010753
b1334,b0937,0.082959641
b1334,b0726,0.965745856
b1334,b0727,0.995807128
b1334,b0729,0.984615385
b1334,b1885,0.24086758
b1334,b3118,0.351872872
b1334,b3117,0.603917301
b1334,b3116,0.709606987
b1334,b3115,0.825887743
b1334,b3113,0.776390465
b1334,b1324,0.986622074
b1334,b4040,0.88304721
b1334,b4039,0.993384785
b1334,b3091,0.923982869
b1334,b3092,0.978331528
b1334,b2866,0.692307692
b1334,b2868,0.604407135
b1334,b1669,0.303931987
b1334,b1670,0.302226935
b1334,b1672,0.331460674
b1334,b1671,0.059012876
b1334,b1674,0.070883315
b1334,b1904,0.167947311
b1334,b2163,0.130528587
b1334,b3518,0.761388286
b1334,b1587,0.134759358
b1334,b1590,0.429046563
b1334,b3830,0.776643991
b1334,b4209,0.869374314
b1334,b1852,0.927868852
b2805,b2805,0
b2805,b2804,0.71559633
b0683,b0451,0.556338028
b0683,b0928,0.736434109
b0683,b0432,0.9921875
b0683,b0431,0.598540146
b0683,b0430,0.985074627
b0683,b0429,0.973856209
b0683,b0428,0.920863309
b0683,b3408,0.952380952
b0683,b3409,0.772151899
b0683,b0587,0.762962963
b0683,b0150,0.55
b0683,b1102,0.909090909
b0683,b1905,0.948905109
b0683,b4122,0.571428571
b0683,b1611,0.673758865
b0683,b0683,0
b0683,b3124,0.628571429
b0683,b1761,0.978571429
b0683,b0450,0.386861314
b0683,b3213,0.712121212
b0683,b2864,0.66
b0683,b2579,0.972972973
b0683,b3324,0.285714286
b0683,b3325,0.226277372
b0683,b3326,0.483333333
b0683,b3327,0.162962963
b0683,b3328,0.28
b0683,b3329,0.508196721
b0683,b3331,0.184
b0683,b3333,0.176470588
b0683,b3334,0.244274809
b0683,b2552,0.738461538
b0683,b0116,1
b0683,b1988,0.217054264
b0683,b1109,0.819548872
b0683,b1548,0.907692308
b0683,b2676,0.816993464
b0683,b0929,0.993006993
b0683,b1658,0.837037037
b0683,b2106,0.831395349
b0683,b0724,0.436708861
b0683,b0721,0.817460317
b0683,b0722,0.272727273
b0683,b4063,0.762711864
b0683,b0726,0.246376812
b0683,b0727,0.517006803
b0683,b0729,0.630573248
b0683,b1684,0.866197183
b0683,b1683,0.724832215
b0683,b1679,0.649635036
b0683,b1546,0.876811594
b0683,b1547,0.197080292
b3512,b4115,0.141588711
b3512,b3800,0.396573504
b3512,b1481,0.179640248
b3512,b4131,0.42875379
b3512,b4132,0.315468651
b3512,b1040,0.317507182
b3512,b1039,0.111598246
b3512,b1038,0.05572561
b3512,b1037,0.075149581
b3512,b0432,0.985193441
b3512,b0431,0.96042935
b3512,b0430,0.990260259
b3512,b0429,0.960060466
b3512,b0428,0.883942766
b3512,b3507,0.201748113
b3512,b1891,0.787546959
b3512,b1892,0.727452688
b3512,b1923,0.580629995
b3512,b0095,0.978032398
b3512,b3517,0.258243062
b3512,b1493,0.136143526
b3512,b1492,0.178027901
b3512,b3512,0
b3512,b3515,0.463962534
b3512,b3516,0.540195223
b3512,b3212,0.891984399
b3512,b3213,0.794483846
b3512,b3510,0.866370064
b3512,b3509,0.628415732
b3512,b3511,0.548417277
b3512,b0178,0.911014263
b3512,b0181,0.887319523
b3512,b0179,0.941045959
b3512,b3513,0.567510383
b3512,b3514,0.265592763
b3512,b1283,0.933417382
b3512,b1482,0.947991679
b3512,b1500,0.050576893
b3512,b3506,0.148657392
b3512,b1480,0.898815593
b3512,b2060,0.070210077
b3512,b1499,0.164911725
b3512,b1501,0.127380952
b3512,b3508,0.254905114
b3512,b3491,0.107553301
b3512,b4027,0.754166996
b3512,b4028,0.338786155
b3512,b4029,0.236553984
b3515,b3507,0.013637522
b3515,b3517,0.254252348
b3515,b1493,0.197662471
b3515,b1492,0.262187258
b3515,b3512,0.133000512
b3515,b3515,0
b3515,b3516,0.28714885
b3515,b3510,0.835465711
b3515,b3509,0.548432865
b3515,b3513,0.658643326
b3515,b3514,0.172466932
b3515,b3506,0.188858519
b3515,b3508,0.125646329
b3516,b0451,0.720448799
b3516,b3966,0.839719029
b3516,b4131,0.368076616
b3516,b4132,0.196845426
b3516,b3507,0.054838195
b3516,b3517,0.12574083
b3516,b1493,0.15058223
b3516,b1492,0.231339674
b3516,b3512,0.089727529
b3516,b3515,0.117756719
b3516,b3516,0
b3516,b0450,0.296792277
b3516,b3510,0.776037588
b3516,b3509,0.414665592
b3516,b3511,0.310923053
b3516,b1237,0.992311313
b3516,b0439,0.973617694
b3516,b3513,0.635697211
b3516,b3514,0.186260511
b3516,b3506,0.108185279
b3516,b1333,0.954580927
b3516,b0485,0.904506263
b3516,b0486,0.466252909
b3516,b3508,0.153125505
b2837,b2837,0
b2151,b0759,0.968470705
b2151,b0756,0.995942176
b2151,b2943,0.732569975
b2151,b2151,0
b2151,b2149,0.207849212
b2151,b2150,0.928571429
b2151,b2148,0.764794383
b2087,b2094,0.887872312
b2087,b2093,0.82875887
b2087,b2092,0.866160607
b2087,b2091,0.743613749
b2087,b2096,0.955270712
b2087,b2095,0.913046384
b2808,b2808,0
b2980,b2975,0.331468531
b2980,b2976,0.419303235
b2980,b2980,0
b2980,b2979,0.503867973
b2980,b4467,0.748038361
b2980,b2977,0.845843564
b3868,b0451,0.270756919
b3868,b2310,0.625437573
b3868,b1747,0.400539902
b3868,b1745,0.227077836
b3868,b1748,0.707094595
b3868,b1746,0.800369066
b3868,b1744,0.69449619
b3868,b1987,0.729656112
b3868,b1487,0.606285907
b3868,b1486,0.655149391
b3868,b1485,0.746805248
b3868,b1484,0.661019792
b3868,b1483,0.391848469
b3868,b1488,0.667001003
b3868,b3870,0.961397671
b3868,b3868,0
b3868,b0811,0.897710179
b3868,b0450,0.313765182
b3868,b3869,0.686983812
b3868,b0810,0.868421053
b3868,b0809,0.929439175
b3868,b2309,0.835651289
b3868,b2307,0.330813172
b3868,b2306,0.689579832
b3868,b2308,0.994535519
b3868,b1988,0.221132713
b3868,b0854,0.342962714
b3868,b0855,0.210384356
b3868,b0856,0.20476348
b3868,b0857,0.361919347
b3868,b1012,0.623080817
b3868,b1011,0.761817271
b3868,b1010,0.757843792
b3868,b1009,0.564603876
b3868,b1007,0.133759032
b3868,b1006,0.209209209
b3868,b1783,0.984604974
b3868,b1784,0.876854852
b3868,b3268,0.770220588
b3868,b3269,0.576415567
b3868,b3271,0.381634372
b3423,b2243,0.775322284
b3423,b3926,0.528795812
b3423,b2239,0.490566038
b3423,b3925,0.753451677
b3438,b1850,0.710843373
b3438,b1851,0.223880597
b3438,b3437,0.398148148
b3438,b3413,0.474358974
b3438,b4267,1
b3438,b4268,0.237623762
b3438,b4264,0.37
b3438,b4265,0.62745098
b2706,b2706,0
b2706,b2708,0.894605263
b2706,b2702,0.565468294
b2706,b2704,0.462657807
b2706,b2705,0.690630369
b2706,b2703,0.256575064
b2706,b2707,0.884846484
b2537,b2541,0.43814433
b2537,b2540,0.915618288
b2537,b2538,0.465250379
b2537,b2539,0.904925187
b2537,b2537,0
b4480,b1891,0.754097134
b4480,b1892,0.685656686
b4480,b3212,0.905427755
b4480,b3213,0.854885057
b4480,b3214,0.228365925
b1508,b1507,0.246667583
b1508,b1508,0
b1237,b3265,0.888429752
b1237,b3266,0.876494024
b1237,b3665,1
b1237,b4117,0.479508197
b1237,b4116,0.554716981
b1237,b0564,0.285714286
b1237,b3721,0.42578125
b1237,b3722,0.902542373
b1237,b3723,0.418719212
b1237,b4366,0.826666667
b1237,b0435,0.557692308
b1237,b4131,0.595419847
b1237,b4132,0.412
b1237,b4133,0.422594142
b1237,b0039,0.910204082
b1237,b0037,0.908366534
b1237,b0035,0.908296943
b1237,b0040,0.967889908
b1237,b2755,0.98340249
b1237,b2760,0.03968254
b1237,b2759,0.100806452
b1237,b2758,1
b1237,b2757,0.833333333
b1237,b2756,0.256603774
b1237,b3338,0.861423221
b1237,b0880,0.357429719
b1237,b0734,0.843621399
b1237,b3368,0.917391304
b1237,b2421,0.86122449
b1237,b2425,0.450413223
b1237,b3507,0.41509434
b1237,b0812,0.635658915
b1237,b0586,0.422594142
b1237,b2370,0.893877551
b1237,b0587,0.813559322
b1237,b4314,0.239495798
b1237,b4312,0.35193133
b1237,b4316,0.517509728
b1237,b4313,0.40077821
b1237,b4318,0.642276423
b1237,b4320,0.226720648
b1237,b4315,0.584269663
b1237,b1892,0.610687023
b1237,b1922,0.419354839
b1237,b1923,0
b1237,b1920,0.326271186
b1237,b1905,0.520446097
b1237,b2663,0.208661417
b1237,b3515,0.827586207
b1237,b0759,0.548262548
b1237,b0756,0.833333333
b1237,b3124,0.169421488
b1237,b3127,0.963855422
b1237,b3323,0.96728972
b1237,b3324,0.965648855
b1237,b3325,1
b1237,b3326,0.937238494
b1237,b3327,0.93495935
b1237,b3328,0.922131148
b1237,b3329,1
b1237,b3330,0.748148148
b1237,b3331,0.674509804
b1237,b3332,0.837719298
b1237,b3333,0.673553719
b1237,b3334,0.918803419
b1237,b3335,0.82745098
b1237,b1967,0.345864662
b1237,b3510,0.939393939
b1237,b3509,0.828054299
b1237,b3511,0.762962963
b1237,b2309,0.556910569
b1237,b2307,0.522088353
b1237,b2308,0.696
b1237,b1182,0.789256198
b1237,b1237,0
b1237,b0342,0.248945148
b1237,b0344,0.128
b1237,b0076,0.506224066
b1237,b0889,0.971544715
b1237,b2783,0.673640167
b1237,b2782,0.570342205
b1237,b3513,0.765625
b1237,b3514,0.645833333
b1237,b0924,0.930327869
b1237,b0922,0.136882129
b1237,b1482,0.965116279
b1237,b2678,0.22745098
b1237,b1951,0.778571429
b1237,b2217,0.845559846
b1237,b2216,0.072961373
b1237,b2784,0.938405797
b1237,b3123,0.662790698
b1237,b0205,0.68699187
b1237,b2589,0.688259109
b1237,b2591,0.639575972
b1237,b0201,0.665413534
b1237,b3506,0.434262948
b1237,b0921,0.397540984
b1237,b2669,0.838174274
b1237,b1258,0.74796748
b1237,b1499,0.2
b1237,b1501,0.518672199
b1237,b3508,0.879245283
b1237,b3491,0.719298246
b1237,b4365,0.562992126
b4000,b0759,0.660550459
b4000,b0756,0.989247312
b2491,b2492,0.365864628
b2491,b2481,0.007329295
b2491,b2482,0.071428571
b2491,b2483,0.002159023
b2491,b2484,0.790802525
b2491,b2485,0.494306765
b2491,b2486,0.534164256
b2491,b2487,0.131319911
b2491,b2488,0.304703781
b2491,b2489,0.729645327
b2491,b2490,0.720832709
b2491,b2491,0
b4018,b4018,0
b4264,b3437,0.448064743
b4264,b4267,0.427548822
b4264,b4268,0.216773376
b4264,b4266,0.8200014
b4264,b4264,0
b4264,b4265,0.677016892
b1712,b4015,0.630434783
b1712,b4014,0.937142857
b1712,b4016,0.0875
b1712,b4117,0.947712418
b1712,b2435,0.781690141
b1712,b2222,0.588607595
b1712,b2221,1
b1712,b2223,0.891304348
b1712,b0033,0.925925926
b1712,b1040,0.373134328
b1712,b1039,0.167785235
b1712,b1037,0.058823529
b1712,b2762,0
b1712,b2763,0.5
b1712,b3227,0.895104895
b1712,b0896,0.6
b1712,b3543,0.379518072
b1712,b3541,0.476510067
b1712,b0812,0.893081761
b1712,b2731,0.580645161
b1712,b4314,0.765822785
b1712,b4312,0.317241379
b1712,b4316,0.507042254
b1712,b4318,0.309677419
b1712,b4320,0.285714286
b1712,b4315,0.561290323
b1712,b3261,0.925373134
b1712,b1334,0.974683544
b1712,b0048,0.46835443
b1712,b2976,0.55625
b1712,b4467,0.861445783
b1712,b2977,0.951219512
b1712,b0811,0.167785235
b1712,b0810,0.463087248
b1712,b0809,0.433962264
b1712,b2239,0.161971831
b1712,b2240,0
b1712,b0720,0.18125
b1712,b3212,0.818181818
b1712,b3213,0.736111111
b1712,b3214,0.36196319
b1712,b2864,0.098591549
b1712,b1210,0.129411765
b1712,b1507,0.285714286
b1712,b1508,0.213483146
b1712,b0139,0.516853933
b1712,b2725,0.289855072
b1712,b2724,0
b1712,b2723,0.333333333
b1712,b2722,0.753731343
b1712,b2721,0.777777778
b1712,b2720,0.493670886
b1712,b2728,0.889655172
b1712,b2730,0.191176471
b1712,b1712,0
b1712,b0912,0.668831169
b1712,b3772,0.709677419
b1712,b3771,0.826086957
b1712,b3767,0.386666667
b1712,b3769,0.31372549
b1712,b3580,0.675496689
b1712,b1227,0.465408805
b1712,b1226,0.72972973
b1712,b1223,0.622516556
b1712,b1109,0.842105263
b1712,b3366,0.573170732
b1712,b0553,0.832258065
b1712,b2710,0.464788732
b1712,b2711,0.748148148
b1712,b4070,0.920529801
b1712,b4071,0.416666667
b1712,b4072,0.544378698
b1712,b4073,0.899280576
b1712,b4074,0.204545455
b1712,b4075,0.323943662
b1712,b4076,0.186335404
b1712,b2288,0.974025974
b1712,b2287,0.991869919
b1712,b2286,0.994117647
b1712,b2285,0.735849057
b1712,b2284,0.218543046
b1712,b2283,0
b1712,b2282,0.949275362
b1712,b2278,0.950310559
b1712,b2277,0
b1712,b2215,0.338028169
b1712,b0929,0.987421384
b1712,b3405,0.63125
b1712,b1739,0.463414634
b1712,b4376,0.993506494
b1712,b1388,1
b1712,b1390,0.967948718
b1712,b1391,0.904109589
b1712,b1392,1
b1712,b1394,0.154362416
b1712,b1398,0.877697842
b1712,b1387,0.915662651
b1712,b0903,1
b1712,b3724,0.872222222
b1712,b1304,0.56875
b1712,b1305,0.945205479
b1712,b1306,0.850340136
b1712,b1307,0.247126437
b1712,b1308,0.69924812
b1712,b3726,0.988372093
b1712,b3727,0.914110429
b1712,b3728,0.857142857
b1712,b3461,0.372262774
b1712,b3581,0.771812081
b1712,b3582,0.890322581
b1712,b3908,0.958083832
b1712,b1480,0.30952381
b1712,b0936,1
b1712,b0933,0.852348993
b1712,b0934,0.75862069
b1712,b0935,0.275641026
b1712,b0937,0.382550336
b1712,b0726,0.951048951
b1712,b0727,0.98013245
b1712,b0729,0.98540146
b1712,b1684,0.125
b1712,b1682,0.132911392
b1712,b1679,0
b1712,b1680,0.055172414
b1712,b3118,1
b1712,b3117,0.913669065
b1712,b3116,0.804195804
b1712,b3115,0.9
b1712,b3113,0.889655172
b1712,b4040,0.90797546
b1712,b4039,0.641025641
b1712,b4193,0.435714286
b1712,b4195,0.48
b1712,b4196,0.71942446
b1712,b4192,1
b1712,b3495,0.472222222
b1712,b0140,1
b1712,b2163,0.710526316
b1712,b3574,0.987179487
b1712,b3575,1
b1712,b3576,0.921428571
b1712,b3577,1
b1712,b3578,0.946745562
b1712,b3579,0.858156028
b1712,b4026,0.493589744
b1712,b4028,0
b1712,b4029,0.948717949
b1712,b4068,0.217647059
b3773,b3774,0.543549138
b3773,b3773,0
b2531,b2864,0.725490196
b2531,b0975,0.533333333
b2531,b0976,0.169811321
b2531,b2531,0
b2531,b2529,0.192982456
b2531,b2203,0.35483871
b2531,b2207,0.555555556
b2531,b2208,0.333333333
b2531,b2205,0.632653061
b2531,b3414,1
b2531,b2676,0.377358491
b2531,b1684,0.161764706
b2531,b1683,0.714285714
b2531,b1679,0.666666667
b1827,b1850,0.993857853
b1827,b1851,0.416815211
b0694,b0698,0.179775281
b0694,b0696,0.438085328
b0345,b0342,0.318435754
b0345,b0344,0.250162655
b0076,b3721,0.167709716
b0076,b3722,0.220546476
b0076,b3723,0.15727342
b0076,b4366,0.330757048
b0076,b4133,0.218501703
b0076,b2755,0.391557128
b0076,b2760,0.004769974
b0076,b2759,0.034266532
b0076,b2758,0.225221824
b0076,b2757,0.280303509
b0076,b2756,0.172939011
b0076,b1954,0.04322548
b0076,b0074,0.793538711
b0076,b0073,0.726923319
b0076,b0072,0.85333081
b0076,b0071,0.452737587
b0076,b0075,0.29398692
b0076,b0076,0
b0076,b4365,0.06518724
b4043,b1741,0.190669371
b4043,b0092,0.92542153
b4043,b0231,0.594025798
b4043,b3645,0.921518987
b4043,b4044,0.088062622
b4043,b0799,0.054313099
b4043,b0226,0.943495401
b4043,b0084,0.993220339
b4043,b0890,0.970899471
b4043,b0083,0.932424055
b4043,b0089,0.95750332
b4043,b0095,0.782440284
b4043,b3558,0.942970822
b4043,b4043,0
b4043,b0096,0.922
b4043,b2115,0.492073976
b4043,b0087,0.931488801
b4043,b0091,0.251410658
b4043,b0088,0.052224371
b4043,b0085,0.127190136
b4043,b0086,0.205846529
b4043,b0090,0.204605263
b4043,b0060,0.182233834
b4043,b2616,0.246414602
b4043,b2698,0.950268817
b4043,b3065,0.546027743
b4043,b1861,0.254125413
b4043,b4059,0.965016502
b4043,b4347,0.060586735
b4043,b1184,0.169836957
b4043,b1183,0.04893754
b4043,b4058,0.121452145
b4043,b0779,0.97314578
b4043,b1913,0.916124837
b4043,b3813,0.88373612
b4043,b1914,0.888888889
b4043,b0232,0.782018111
b4043,b0233,0.862770847
b4043,b0234,0.109032258
b4043,b0225,0.860537836
b4043,b0685,0.897146649
b4043,b1728,0.087189805
b3604,b3605,0.951247824
b3604,b3603,0.165119096
b3604,b3604,0
b2289,b4313,0.385442514
b2289,b1891,0.908171862
b2289,b1892,0.391020408
b2289,b2289,0
b0889,b4187,0.925589837
b0889,b2290,0.389948007
b0889,b2923,0.517241379
b0889,b3572,0.757407407
b0889,b4131,0.518050542
b0889,b2659,0.919075145
b0889,b4314,0.484848485
b0889,b4316,0.162313433
b0889,b4313,0.771171171
b0889,b4320,0.504393673
b0889,b4315,0.20797227
b0889,b2663,0.186691312
b0889,b2662,0.749546279
b0889,b2903,0.982889734
b0889,b2905,0.92936803
b0889,b3212,0.868725869
b0889,b3213,0.750922509
b0889,b3510,0.894139887
b0889,b3509,0.773764259
b0889,b3772,0.970909091
b0889,b3771,0.990808824
b0889,b2660,0.950704225
b0889,b0889,0
b0889,b2156,0.395669291
b0889,b4129,0.553359684
b0889,b2215,0.933463796
b0889,b1243,0.88671875
b0889,b1244,0.967567568
b0889,b1245,0.97731569
b0889,b1247,0.901701323
b0889,b1482,0.957746479
b0889,b4376,0.990601504
b0889,b2589,0.998181818
b0889,b2591,0.994545455
b0889,b0907,0.439478585
b0889,b2669,0.866537718
b0889,b2163,0.114840989
b0889,b3508,0.473794549
b1512,b1513,0.474526929
b1512,b1516,0.059647428
b1512,b1514,0.57234252
b1512,b1515,0.260753341
b1512,b1517,0.386223862
b1512,b1518,0.064461202
b1512,b1511,0.484498031
b1512,b1512,0
b1512,b1519,0.688084392
b2839,b2838,0.935079409
b2839,b2839,0
b1620,b1620,0
b1620,b1621,0.050607287
b1620,b1622,0.030590717
b3418,b4036,0.90081186
b3418,b4034,0.956088889
b3418,b4033,0.897157623
b3418,b4032,0.796166022
b3418,b4035,0.681955556
b3418,b4037,0.770051574
b3418,b3417,0.885581893
b3418,b3416,0.851825843
b3418,b3571,0.116080937
b3418,b0403,0.769808743
b1531,b1276,0.962946429
b1531,b3507,0.304481547
b1531,b3924,0.927069351
b1531,b3510,0.932118451
b1531,b3509,0.777728285
b1531,b2237,0.9625
b1531,b1531,0
b1531,b1532,0.121856028
b1531,b1530,0.499556344
b1531,b0851,0.908845981
b1531,b0578,0.980608197
b1531,b0871,0.862296524
b1531,b0950,0.646793135
b1531,b0951,0.652771619
b1531,b4177,0.987561084
b1531,b3624,0.090023202
b1531,b0852,0.899909008
b1531,b4396,0.984935755
b1531,b3506,0.532188841
b1531,b3908,0.949377949
b1531,b3035,0.907651715
b1531,b3625,0.335
b1531,b0447,0.779307282
b1531,b0850,0.946969697
b1531,b0853,0.448040109
b1531,b3036,0.791685495
b1531,b3038,0.872471416
b1531,b3508,0.48415493
b1531,b1852,0.932469935
b1530,b1531,0.803172846
b1530,b1532,0.083782812
b1530,b1530,0
b1450,b0806,0.292967651
b1450,b1257,0.118928092
b1450,b1258,0.390808642
b1450,b1259,0.892485872
b4118,b4119,0.686838293
b4118,b4120,0.0696767
b4118,b4118,0
b3938,b0605,0.905927835
b3938,b3939,0.35006435
b3938,b3829,0.670748299
b3938,b3941,1
b3938,b3940,0.664402174
b3938,b0199,0.345430108
b3938,b3828,0.86695279
b3938,b2152,0.008974359
b3828,b2551,0.793948127
b3828,b2552,0.523076923
b3828,b3829,0.692672999
b3828,b3828,0
b0346,b0347,0.071717172
b0346,b0349,0.368395062
b0346,b0350,0.132093933
b0346,b0352,0.572445348
b1594,b2417,0.989450663
b1594,b1818,0.968801522
b1594,b1819,0.933561557
b1594,b1594,0
b1594,b1101,0.973003658
b1594,b1593,0.807745855
b2127,b4133,0.166372657
b2127,b1040,0.102230073
b2127,b1039,0.057046603
b2127,b1038,0.048004435
b2127,b1037,0.032104506
b2127,b3190,0.971050269
b2127,b3185,0.995560488
b0730,b0731,0.548464062
b0730,b0732,0.10173722
b0730,b0730,0
b0817,b2392,0.800673149
b0817,b1821,0.871726755
b0761,b2201,0.460660661
b0761,b2200,0.555892154
b0761,b2199,0.432994385
b0761,b2198,0.123536476
b0761,b2197,0.212255773
b0761,b2196,0.390753169
b0761,b2195,0.512501849
b0761,b2194,0.291868198
b0761,b4382,0.979097744
b0761,b4383,0.992315805
b0761,b4381,0.966146993
b0761,b0894,0.474547941
b0761,b0895,0.574177906
b0761,b0896,0.473801395
b0761,b2725,0.501271123
b0761,b2724,0.438227395
b0761,b2723,0.562941796
b0761,b2722,0.873826903
b0761,b2721,0.827765405
b0761,b2720,0.799489336
b0761,b2719,0.817231596
b0761,b2718,0.71856837
b0761,b2717,0.929380215
b0761,b0781,0.950325251
b0761,b0782,0.847048027
b0761,b0783,0.719148298
b0761,b0784,0.928314876
b0761,b0785,0.640412494
b0761,b0763,0.553928892
b0761,b0764,0.635411993
b0761,b0765,0.477806008
b0761,b2203,0.192491774
b0761,b2202,0.826638155
b0761,b2207,0.368156934
b0761,b2208,0.144840072
b0761,b2205,0.448706512
b0761,b2204,0.591443693
b0761,b1221,0.981044776
b0761,b1222,0.8141045
b0761,b1243,0.631075334
b0761,b1244,0.565943239
b0761,b1245,0.936356765
b0761,b1247,0.756627942
b2684,b0463,0.971175166
b2684,b0462,0.914027149
b2684,b2685,0.210191083
b2684,b2686,0.584988962
b2684,b2684,0
b2684,b0553,0.458167331
b3021,b0880,0.951534566
b3021,b3021,0
b3021,b3022,0.2386844
b3601,b3600,0.829927007
b3601,b3601,0
b2427,b2429,0.016330339
b2427,b2428,0.823899371
b2427,b2427,0
b1988,b3743,0.742334067
b1988,b0337,0.768323669
b1988,b0336,0.431886521
b1988,b2661,0.702770781
b1988,b2663,0.162134229
b1988,b2662,0.740427195
b1988,b1761,0.991670433
b1988,b3212,0.907698325
b1988,b3213,0.78689798
b1988,b3214,0.338409695
b1988,b3742,0.985969471
b1988,b3741,0.991425231
b1988,b1988,0
b1988,b2393,0.643579767
b1988,b2913,0.911019983
b4390,b0750,1
b4390,b2574,0.900095147
b4390,b0931,0.929389313
b0676,b1736,0.968867925
b0676,b1738,0.935422602
b0676,b1737,0.379243453
b0676,b1734,0.023674242
b0676,b1733,0.095541401
b0676,b1735,0.949416342
b0676,b4399,0.968807339
b0676,b4400,0.795937211
b0676,b3408,1
b0676,b3409,0.975261656
b0676,b4312,0.942254812
b0676,b2943,0.21349353
b0676,b0677,0.982938389
b0676,b0678,0.908248378
b0676,b0676,0
b0676,b0675,0.941952507
b0676,b0679,0.030947776
b0676,b4311,0.379899497
b0676,b4310,0.970856102
b0676,b0682,0.507827789
b0676,b1498,0.794570136
b0676,b1501,0.708294501
b3226,b4312,0.304918033
b3226,b3225,0.664957265
b3226,b4311,0.220820189
b3226,b3223,0.945993031
b3226,b4310,0.066101695
b3226,b3224,0.6171875
b1221,b4139,0.867109635
b1221,b2201,0.780058651
b1221,b2200,0.809968847
b1221,b2198,0.340836013
b1221,b2197,0.503311258
b1221,b2194,0.501618123
b1221,b0617,0.645962733
b1221,b0616,0.339563863
b1221,b0615,0.748427673
b1221,b0613,0.193103448
b1221,b0614,0.867313916
b1221,b0886,0.801242236
b1221,b0887,0.078175896
b1221,b3368,0.927710843
b1221,b4138,0.944827586
b1221,b0896,0.604294479
b1221,b1591,0.198653199
b1221,b0620,0.858490566
b1221,b1475,0.625377644
b1221,b1476,0.310810811
b1221,b4122,0.592334495
b1221,b0872,0.781350482
b1221,b0972,0.605863192
b1221,b0973,0.703927492
b1221,b0974,0.727868852
b1221,b0975,0.527439024
b1221,b0976,0.567010309
b1221,b0977,0.444108761
b1221,b2993,0.906896552
b1221,b2992,0.604863222
b1221,b2990,0.686567164
b1221,b2206,0.955974843
b1221,b2205,0.55483871
b1221,b2204,0.710610932
b1221,b1224,0.731629393
b1221,b1227,0.441441441
b1221,b1226,0.628654971
b1221,b1223,0.573573574
b1221,b3477,0.90881459
b1221,b3478,0.659375
b1221,b3480,0.607594937
b1221,b3481,0.927745665
b1221,b3366,0.598784195
b1221,b2710,0.435672515
b1221,b4070,0.91025641
b1221,b4072,0.586092715
b1221,b4073,0.875796178
b1221,b4074,0.317307692
b1221,b4075,0.319444444
b1221,b4076,0.18429003
b1221,b2288,0.981308411
b1221,b2287,0.98470948
b1221,b2286,0.937931034
b1221,b2285,0.987138264
b1221,b2283,0.811797753
b1221,b2282,0.979166667
b1221,b2278,0.954819277
b1221,b2277,0.695384615
b1221,b1335,0.435435435
b1221,b0903,0.991097923
b1221,b1669,0.613207547
b1221,b1670,0.278637771
b1221,b1797,0.289808917
b1221,b1590,0.3125
b1221,b4209,0.566775244
b2193,b2201,0.451068616
b2193,b2200,0.448512586
b2193,b2199,0.418013857
b2193,b2198,0.263392857
b2193,b2197,0.403208556
b2193,b2196,0.400866739
b2193,b2195,0.501618123
b2193,b2194,0.403628118
b2193,b4079,0.932222222
b2193,b1474,0.051020408
b2193,b1475,0.11679644
b2193,b1476,0.464324918
b2193,b0873,0.885209713
b2193,b0872,0.95292887
b2193,b0973,0.659936238
b2193,b0975,0.200918485
b2193,b0976,0.03926097
b2193,b0977,0.13740458
b2193,b2206,0.58265896
b2193,b2203,0.287655719
b2193,b2202,0.668490153
b2193,b2207,0.063510393
b2193,b2208,0.26172301
b2193,b2205,0.109589041
b2193,b2204,0.26779661
b2193,b3365,0.830769231
b2193,b3366,0.19047619
b2193,b2710,0.663019694
b2193,b2711,0.791620728
b2193,b4070,0.912673056
b2193,b4071,0.816933638
b2193,b4072,0.119072708
b2193,b4073,0.878721058
b2193,b4074,0.349841939
b2193,b4075,0.741860465
b2193,b4076,0.256017505
b2193,b1669,0.106852497
b2193,b1670,0.652822151
b2193,b1672,0.541666667
b2193,b1671,0.232142857
b2193,b1674,0.237825595
b2193,b1797,0.324660633
b2193,b1796,0.854485777
b2193,b4209,0.691525424
b1649,b1650,0.754785779
b1649,b1649,0
b0020,b0019,0.52807971
b0020,b0020,0
b0020,b1024,0.010564998
b0020,b1023,0.004906334
b0020,b1022,0.09402852
b0020,b1021,0.08098434
b3481,b3477,0.891803279
b3481,b3478,0.822546973
b3481,b3480,0.247835498
b3481,b3481,0
b2709,b2709,0
b2709,b2710,0.068448501
b2709,b2711,0.630188679
b0413,b2234,0.238866397
b0413,b2235,0.519480519
b0413,b2676,0.913934426
b4178,b0114,0.985197368
b4178,b0115,0.970686767
b4178,b2617,0.695387293
b4178,b4249,0.981164384
b4178,b0207,0.4824
b4178,b1385,0.768403639
b4178,b2731,0.940033784
b4178,b1922,0.493713328
b4178,b1920,0.954060705
b4178,b1921,0.35534318
b4178,b2864,0.263665595
b4178,b0873,0.516328332
b4178,b0872,0.830282862
b4178,b2552,0.781300813
b4178,b2725,0.24935289
b4178,b2724,0.92742616
b4178,b2723,0.920716113
b4178,b2722,0.817440913
b4178,b2720,0.570959803
b4178,b2719,0.843724023
b4178,b2718,0.871972318
b4178,b2717,0.96969697
b4178,b2726,0.933035714
b4178,b2728,0.954270923
b4178,b2729,0.977947413
b4178,b1712,0.996554694
b4178,b0889,0.751223491
b4178,b0353,0.938220758
b4178,b1109,0.775423729
b4178,b2709,1
b4178,b4070,0.925958188
b4178,b4071,0.835421888
b4178,b4072,0.449419569
b4178,b4073,0.882051282
b4178,b4074,0.846089151
b4178,b4075,0.45409015
b4178,b4076,0.742565845
b4178,b1714,0.904802744
b4178,b3784,0.279329609
b4178,b3786,0.85725938
b4178,b3788,0.950980392
b4178,b1716,0.59771987
b4178,b1684,0.89234651
b4178,b1683,0.95709571
b4178,b1682,0.787775891
b4178,b1679,0.856312292
b4178,b1429,0.696366782
b4178,b1430,0.218274112
b4178,b3364,0.764234162
b4178,b3792,0.226700252
b4178,b3793,0.627012522
b4178,b1407,0.645885287
b4178,b1655,0.240851064
b4178,b1797,0.706512778
b4178,b3615,0.478705281
b4178,b1796,0.820534224
b4178,b4209,0.714285714
b3405,b0435,0.649681529
b3405,b2215,0.768786127
b3961,b0812,0.991354467
b3961,b0683,0.985074627
b3961,b2864,0.725036179
b3961,b0873,0.521390374
b3961,b0872,0.781609195
b3961,b3942,0.991316932
b3961,b0851,0.564064801
b3961,b3961,0
b3961,b1684,0.89146165
b3961,b1683,0.775312067
b3961,b1682,0.782246879
b3961,b1679,0.587278107
b3961,b1680,0.495327103
b3961,b2582,0.783403657
b3961,b0850,0.937586685
b3961,b0853,0.569148936
b1399,b1388,0.311043329
b1399,b1389,0.055634807
b1399,b1390,0.611975117
b1399,b1391,0.479098932
b1399,b1392,0.439449613
b1399,b1393,0.068954709
b1399,b1394,0.121141435
b1399,b1395,0.026809442
b1399,b1396,0.00987883
b1399,b1397,0.727570604
b1399,b1398,0.182968293
b1399,b1387,0.511126783
b0113,b0114,0.991988347
b0113,b0115,0.951062778
b0113,b0432,0.968428781
b0113,b0431,0.96155706
b0113,b0430,0.928344338
b0113,b0429,0.950435866
b0113,b0428,0.933219178
b0113,b0092,0.994532921
b0113,b4289,0.766105769
b0113,b0084,0.895554493
b0113,b0083,0.996171333
b0113,b0089,0.749219313
b0113,b0095,0.990874159
b0113,b2975,0.747081712
b0113,b2976,0.473480262
b0113,b2979,0.702623192
b0113,b4467,0.972195122
b0113,b2977,0.996782975
b0113,b2579,0.977998066
b0113,b0154,1
b0113,b0628,0.959016393
b0113,b0116,0.986916811
b0113,b0096,0.980623819
b0113,b0087,0.598051157
b0113,b0081,0.996836983
b0113,b0091,0.920520231
b0113,b0088,0.97455779
b0113,b0085,1
b0113,b0086,0.910308539
b0113,b0090,0.695148978
b0113,b1109,0.867174073
b0113,b0113,0
b0113,b0082,0.995914444
b0113,b0461,0.866114898
b4260,b4260,0
b0399,b1982,0.952559676
b0399,b2916,0.918461999
b0399,b1597,0.814691657
b0399,b4106,0.166815876
b0399,b4105,0.82972648
b0399,b4104,0.557776768
b0399,b4103,0.551276242
b0399,b4102,0.295601261
b0399,b4101,0.678453205
b0399,b4100,0.510185467
b0399,b4099,0.115139563
b0399,b4098,0.129654963
b0399,b4097,0.395310386
b0399,b4096,0.301259675
b0399,b4095,0.292413381
b0399,b4094,0.39048755
b0399,b4092,0.54883371
b0399,b0383,0.856904654
b0399,b0399,0
b0399,b0241,0.582255639
b0399,b1020,0.865724907
b0399,b0400,0.030150007
b0399,b3724,0.941389182
b0399,b2987,0.403779811
b0399,b4030,0.764162194
b0399,b0384,0.511744204
b0399,b3726,0.975721688
b0399,b3727,0.974234617
b0399,b3728,0.990818784
b0399,b3452,0.899955404
b0399,b3453,0.539922826
b0399,b3450,0.773072909
b0399,b3449,0.950460655
b0399,b3615,0.712193664
b1130,b0463,0.835616438
b1130,b0462,0.711743772
b1130,b1275,0.599337748
b1130,b3227,0.921052632
b1130,b3515,0.38410596
b1130,b3430,0.753424658
b1130,b3428,0.698996656
b1130,b3431,0.794425087
b1130,b3510,0.828178694
b1130,b3511,0.491638796
b1130,b0154,0.982142857
b1130,b1826,0.650165017
b1130,b0677,0.644012945
b1130,b0565,0.551369863
b1130,b1130,0
b1130,b4005,0.445993031
b1130,b1012,0.511784512
b1130,b1011,0.600619195
b1130,b1010,0.805970149
b1130,b1009,1
b1130,b1007,0.506993007
b1130,b1500,0.037735849
b1130,b3035,0.98013245
b1130,b4241,0.446202532
b1130,b0841,0.496688742
b1130,b1499,0.134375
b1130,b1501,0.154676259
b1130,b3036,0.767123288
b1130,b3038,0.996466431
b1130,b3508,0.270547945
b1130,b3207,0.592105263
b0330,b0331,0.539174575
b0330,b0333,0.382672476
b0330,b0334,0.105376463
b0330,b0335,0.54154949
b0330,b0330,0
b1303,b1304,0.929004548
b1303,b1305,0.910967421
b1303,b1306,0.69745784
b1303,b1307,0.553679435
b1303,b1308,0.860330993
b1303,b1303,0
b1303,b4050,0.715142429
b1658,b0032,0.979295426
b1658,b0033,0.645510836
b1658,b0337,0.137545345
b1658,b0336,0.147050015
b1658,b2904,0.992883663
b1658,b2903,1
b1658,b2905,0.994459834
b1658,b2553,0.215096655
b1658,b2551,0.641404806
b1658,b2507,0.322049405
b1658,b2508,0.955676988
b1658,b1132,0.214613268
b1658,b1207,0.570860116
b1658,b4177,0.989180835
b1658,b1131,0.797181373
b1658,b2476,0.794441051
b1658,b4005,0.348168332
b1658,b0523,0.776142288
b1658,b2312,0.946888749
b1658,b0522,0.855702583
b1658,b2557,0.952609478
b1658,b2499,0.362146051
b1658,b1658,0
b1658,b1062,0.551105798
b1658,b0945,0.028809029
b1658,b2937,0.123398938
b1014,b1014,0
b1014,b1015,0.372881356
b3025,b1891,0.802197802
b3025,b1892,0.929213483
b3025,b3025,0
b3025,b3026,0.170542636
b3753,b3749,0.460887949
b3753,b3750,0.387033399
b3753,b3753,0
b2105,b2107,0.046770601
b2105,b2105,0
b1564,b1562,0.333333333
b1564,b1564,0
b1564,b1563,0.191430333
b3906,b3906,0
b3906,b3905,0.015505021
b3905,b3903,0.58506091
b3905,b3904,0.56855615
b3905,b3902,0.402591862
b3905,b3906,0.286793869
b3905,b3905,0
b3905,b3907,0.312033682
b4396,b1276,0.673913043
b4396,b0463,0.949152542
b4396,b0462,0.991596639
b4396,b3800,0.920731707
b4396,b2237,0.653543307
b4396,b1532,0.164179104
b4396,b1530,0.772357724
b4396,b2558,0.696721311
b4396,b2159,0.865384615
b4396,b0851,0.522727273
b4396,b0578,0.613207547
b4396,b0852,0.865248227
b4396,b4396,0
b4396,b3908,0.973451327
b4396,b3035,0.942857143
b4396,b0819,0.538461538
b4396,b0850,0.646551724
b4396,b0853,0.798449612
b4396,b3036,0.741258741
b4396,b3038,0.983471074
b4396,b1852,0.410071942
b4089,b4087,0.713248639
b4089,b4088,0.639655953
b4089,b4086,0.439722864
b4089,b4085,0.53215859
b4089,b4090,0.585804133
b4089,b4089,0
b1608,b1597,0.981246698
b1608,b1040,0.098167897
b1608,b1039,0.055481816
b1608,b1038,0.047182529
b1608,b1224,0.831442464
b1608,b1225,0.825247923
b1608,b1227,0.446141691
b1608,b1226,0.883841132
b1608,b0929,0.967615565
b3422,b4475,0.884207589
b3422,b3421,0.663697527
b1013,b0032,0.977319588
b1013,b0033,0.842594693
b1013,b0592,0.301824577
b1013,b3516,0.691467577
b1013,b1285,0.261300738
b1013,b1650,0.441365094
b1013,b1649,0.847048097
b1013,b1012,0.320208192
b1013,b1011,0.313277087
b1013,b1010,0.967182806
b1013,b1009,0.164244521
b1013,b1007,0.412440838
b1013,b1006,0.20621205
b1013,b1013,0
b1916,b3515,0.5167295
b1916,b1707,0.10985537
b0069,b2379,0.923218391
b0069,b0070,0.473925677
b0069,b0069,0
b0069,b0068,0.440510561
b0069,b0067,0.496208017
b0069,b0066,0.396572642
b1642,b1182,0.808211777
b4063,b1611,0.658943089
b4063,b4063,0
b4063,b4062,0.64745628
b4062,b0463,0.949454104
b4062,b0462,0.962338172
b4062,b3924,0.983572895
b4062,b1611,0.657937147
b4062,b0683,0.957455268
b4062,b2237,0.944240944
b4062,b1531,0.557090614
b4062,b1532,0.055461473
b4062,b1530,0.634530052
b4062,b2159,0.994320487
b4062,b0851,0.99536647
b4062,b0578,0.952090946
b4062,b0871,0.95888651
b4062,b0950,0.779667722
b4062,b0951,0.820830008
b4062,b1101,0.983678344
b4062,b3624,0.08409725
b4062,b1277,0.92177851
b4062,b0852,1
b4062,b4396,0.957489074
b4062,b3908,0.891122278
b4062,b4062,0
b4062,b3035,0.919179229
b4062,b3625,0.554109032
b4062,b0850,0.914668834
b4062,b3036,0.851172708
b4062,b3038,0.874789207
b4062,b1973,0.089892295
b4062,b1852,0.906403941
b2707,b2706,0.120167189
b2707,b2708,0.804666305
b2707,b2702,0.202272727
b2707,b2704,0.226688103
b2707,b2705,0.722103004
b2707,b2703,0.246040127
b2707,b2707,0
b2669,b3721,0.524285714
b2669,b3722,0.368372943
b2669,b3723,0.337715322
b2669,b0076,0.280094787
b2669,b2669,0
b3118,b3118,0
b3118,b3117,0.202219964
b3118,b3116,0.336089456
b3118,b3115,0.370634245
b3118,b3113,0.504394225
b3119,b3118,0.356726908
b3119,b3117,0.465201465
b3119,b3116,0.517838326
b3119,b3115,0.556453232
b3119,b3113,0.648308063
b0995,b3517,0.600419664
b0995,b3516,0.752274106
b0995,b3510,0.93908011
b0995,b3509,0.829524955
b0995,b3707,0.655182835
b0995,b0996,0.080939141
b0995,b0995,0
b0995,b3508,0.673636364
b4393,b0388,0.892226148
b4393,b0390,0.386363636
b4393,b3161,1
b4393,b1260,0.919561243
b4393,b1261,0.296157451
b4393,b1262,0.912313433
b4393,b1264,0.338331771
b4393,b1265,0.862581244
b4393,b4393,0
b3060,b3061,0.430651872
b3060,b3062,0.482089207
b3060,b3060,0
b3060,b3063,0.516499502
b1323,b2601,0.841801108
b1323,b0754,0.811000727
b1323,b0388,0.972057779
b1323,b0390,0.559322034
b1323,b0112,0.835049078
b1323,b0048,0.983618067
b1323,b3161,0.972093023
b1323,b2600,0.767042668
b1323,b4054,0.989668429
b1323,b1907,0.219384101
b1323,b1323,0
b1618,b1617,0.494938539
b1618,b1616,0.087619723
b1618,b1615,0.16861741
b1618,b1618,0
b4191,b4193,0.074285714
b4191,b4194,0.834459459
b4191,b4195,0.826508408
b4191,b4196,0.813131313
b4191,b4197,0.711934972
b4191,b4192,0.079387187
b4324,b4321,0.085568761
b4324,b1617,0.847189498
b4324,b1616,0.228275401
b4324,b1615,0.30322364
b4324,b4322,0.079412746
b4324,b4323,0.093015447
b4324,b4324,0
b4324,b4357,0.046175052
b2405,b2406,0.009196515
b3569,b3565,0.762557078
b3569,b3564,0.284563346
b3569,b3566,0.50564625
b3569,b3567,0.430056884
b3569,b3568,0.548640039
b3569,b3569,0
b1499,b3512,0.361398806
b1499,b3513,0.707123689
b1499,b3514,0.369603391
b1499,b1500,0.000609682
b1499,b1499,0
b2017,b2017,0
b2125,b4354,0.332044876
b2163,b2163,0
b3574,b3580,0.031762295
b3574,b3583,0.381744831
b3574,b3581,0.575301205
b3574,b3582,0.011016525
b3574,b3574,0
b3574,b3575,0.18452381
b3574,b3576,0.015802469
b3574,b3577,0.013546202
b3574,b3578,0.081716037
b3574,b3579,0.532266391
b4327,b2762,0.642440864
b4327,b4291,0.861936504
b4327,b4290,0.632541757
b4327,b4287,0.646780196
b4327,b3939,0.809106239
b4327,b0198,0.9784415
b4327,b3940,0.903306159
b4327,b0199,0.767665474
b3071,b3071,0
b3292,b3469,0.52393273
b4004,b4002,0.827983796
b4004,b4004,0
b4004,b4003,0.398321498
b4046,b0296,0.310290118
b4046,b1973,0.69785553
b4046,b1857,0.515307288
b4046,b1858,0.227063163
