b0464,b0463
b0464,b0462
b0464,b0464
b2213,b2213
b2213,b4187
b2213,b2068
b2213,b2212
b4116,b4117
b4116,b3517
b4116,b1493
b4116,b1492
b4116,b3516
b4116,b3212
b4116,b3213
b4116,b3214
b3131,b3135
b3131,b3138
b3131,b3139
b3131,b3140
b3131,b3141
b3131,b3131
b3131,b3133
b3131,b3134
b3131,b3137
b3131,b3132
b4187,b4187
b2697,b2697
b0506,b0504
b0506,b0507
b0506,b0514
b0504,b0516
b0504,b0517
b0504,b0515
b0564,b0980
b0564,b0979
b0564,b0978
b0564,b0972
b0564,b0973
b0564,b0974
b0564,b0975
b0564,b0976
b0564,b0977
b0064,b0062
b0064,b0063
b0064,b0064
b0064,b0061
b0064,b2841
b0064,b1901
b0064,b1900
b0064,b0396
b0064,b3565
b0064,b3564
b4401,b4014
b4401,b0114
b4401,b0115
b4401,b2296
b4401,b1276
b4401,b0118
b4401,b0978
b4401,b0311
b4401,b0313
b4401,b4131
b4401,b4132
b4401,b0038
b4401,b0037
b4401,b0036
b4401,b0035
b4401,b0040
b4401,b0618
b4401,b0617
b4401,b0616
b4401,b0613
b4401,b0614
b4401,b0733
b4401,b0734
b4401,b0886
b4401,b0432
b4401,b0430
b4401,b0429
b4401,b3528
b4401,b0620
b4401,b3845
b4401,b3846
b4401,b1805
b4401,b3081
b4401,b2344
b4401,b1334
b4401,b1612
b4401,b2094
b4401,b2092
b4401,b2091
b4401,b2975
b4401,b4467
b4401,b2243
b4401,b3426
b4401,b0720
b4401,b2579
b4401,b1210
b4401,b0972
b4401,b0974
b4401,b0975
b4401,b0976
b4401,b0977
b4401,b2996
b4401,b2995
b4401,b2994
b4401,b2993
b4401,b2992
b4401,b2990
b4401,b2997
b4401,b1136
b4401,b3604
b4401,b0116
b4401,b3236
b4401,b0827
b4401,b0826
b4401,b1109
b4401,b2288
b4401,b2287
b4401,b2286
b4401,b2285
b4401,b2284
b4401,b2283
b4401,b2279
b4401,b2278
b4401,b2277
b4401,b1243
b4401,b1245
b4401,b0903
b4401,b1211
b4401,b1297
b4401,b1299
b4401,b3907
b4401,b3317
b4401,b3320
b4401,b3319
b4401,b3313
b4401,b3315
b4401,b3318
b4401,b3312
b4401,b2741
b4401,b3314
b4401,b3321
b4401,b3311
b4401,b3316
b4401,b1012
b4401,b1011
b4401,b1010
b4401,b1009
b4401,b1008
b4401,b1007
b4401,b1006
b4401,b0721
b4401,b0722
b4401,b3908
b4401,b4059
b4401,b0726
b4401,b0727
b4401,b0728
b4401,b0729
b4401,b1324
b4401,b4240
b4401,b4040
b4401,b4039
b4401,b3569
b4401,b0602
b4401,b1528
b2916,b2923
b2916,b2916
b2916,b0031
b2916,b0166
b2916,b3702
b2916,b3701
b2916,b1761
b2916,b2838
b2916,b4024
b2916,b2156
b2916,b2234
b2916,b2235
b2916,b3700
b2916,b2236
b3237,b3958
b3237,b3359
b3237,b3957
b3237,b0273
b3237,b3172
b3237,b3237
b3237,b0863
b3237,b0861
b3237,b0864
b3237,b0862
b3237,b1747
b3237,b1745
b3237,b1748
b3237,b1746
b3237,b1744
b3237,b3213
b3237,b3214
b3237,b2309
b3237,b2307
b3237,b2306
b3237,b3168
b3237,b3169
b3237,b3164
b3237,b3167
b3237,b3170
b3237,b3165
b3237,b3166
b3501,b3502
b3501,b3503
b3501,b3501
b2714,b2716
b2714,b2715
b2714,b0473
b2714,b0330
b3743,b3744
b3743,b3743
b3743,b3742
b3743,b3741
b2220,b2222
b2220,b2224
b2220,b2221
b2220,b2223
b2079,b2470
b2079,b2079
b2079,b2078
b2079,b2074
b2079,b2075
b2079,b2077
b2079,b1743
b4113,b1040
b4113,b1039
b4113,b1038
b4113,b1037
b4113,b1552
b4113,b4042
b4113,b0460
b4113,b1014
b4113,b0461
b4113,b3207
b0313,b0311
b0313,b0312
b0313,b0313
b0313,b0314
b4366,b3721
b4366,b3722
b4366,b3723
b4366,b0076
b3973,b0774
b3973,b0775
b3973,b0777
b3973,b0778
b3973,b0776
b1162,b1166
b1162,b1164
b1162,b1165
b1162,b1167
b0435,b4150
b0435,b0839
b4133,b4131
b4133,b4132
b4133,b4133
b0034,b0039
b0034,b0038
b0034,b0037
b0034,b0036
b0034,b0035
b0034,b0040
b0034,b0041
b0034,b0042
b0034,b0043
b0034,b0044
b1987,b0936
b1987,b0933
b1987,b0934
b1987,b0935
b1987,b0937
b1987,b0365
b1987,b0366
b1987,b0367
b1987,b0368
b0162,b0162
b0162,b3128
b0162,b3124
b0162,b3126
b0162,b3127
b0162,b3125
b0162,b2787
b0162,b2789
b0162,b2788
b0162,b3123
b1735,b1736
b1735,b1738
b1735,b1737
b1735,b1734
b1735,b1733
b1735,b1735
b3912,b3911
b3912,b3912
b3912,b1041
b3912,b2076
b3912,b3363
b3912,b2573
b3912,b2572
b3912,b3688
b0080,b4015
b0080,b4014
b0080,b0114
b0080,b0115
b0080,b4016
b0080,b1276
b0080,b0118
b0080,b1241
b0080,b0112
b0080,b0311
b0080,b0312
b0080,b0313
b0080,b0314
b0080,b2417
b0080,b1040
b0080,b1039
b0080,b1038
b0080,b1037
b0080,b0733
b0080,b0734
b0080,b0432
b0080,b0431
b0080,b0430
b0080,b0429
b0080,b0428
b0080,b3368
b0080,b1850
b0080,b1851
b0080,b2779
b0080,b3613
b0080,b2927
b0080,b2925
b0080,b2097
b0080,b2167
b0080,b2169
b0080,b2168
b0080,b1779
b0080,b2980
b0080,b2388
b0080,b3612
b0080,b2712
b0080,b1136
b0080,b0116
b0080,b1817
b0080,b1818
b0080,b1819
b0080,b1532
b0080,b1530
b0080,b4233
b0080,b3599
b0080,b3600
b0080,b3601
b0080,b3365
b0080,b3367
b0080,b3366
b0080,b3403
b0080,b0113
b0080,b3916
b0080,b2926
b0080,b0871
b0080,b3956
b0080,b1702
b0080,b0331
b0080,b0333
b0080,b0334
b0080,b0335
b0080,b2415
b0080,b2416
b0080,b1676
b0080,b0070
b0080,b3919
b0080,b0315
b0080,b1780
b0080,b3614
b0080,b1852
b4398,b3853
b4398,b4400
b4398,b4034
b4398,b4033
b4398,b4032
b3357,b3241
b3357,b4014
b3357,b0114
b3357,b0115
b3357,b1276
b3357,b0118
b3357,b4067
b3357,b3135
b3357,b3588
b3357,b0110
b3357,b0062
b3357,b0063
b3357,b0064
b3357,b0396
b3357,b3172
b3357,b2715
b3357,b4139
b3357,b0039
b3357,b0037
b3357,b1738
b3357,b1735
b3357,b0613
b3357,b0614
b3357,b3357
b3357,b2417
b3357,b1039
b3357,b0623
b3357,b3806
b3357,b0432
b3357,b0429
b3357,b3368
b3357,b1190
b3357,b4382
b3357,b4383
b3357,b4384
b3357,b0145
b3357,b2366
b3357,b3260
b3357,b3076
b3357,b2927
b3357,b1805
b3357,b2925
b3357,b1384
b3357,b4289
b3357,b4288
b3357,b3261
b3357,b0041
b3357,b0044
b3357,b2492
b3357,b2800
b3357,b2805
b3357,b0683
b3357,b2661
b3357,b2663
b3357,b2662
b3357,b0758
b3357,b1779
b3357,b2096
b3357,b2095
b3357,b2904
b3357,b3429
b3357,b3430
b3357,b3870
b3357,b3869
b3357,b2243
b3357,b3425
b3357,b0720
b3357,b2579
b3357,b2614
b3357,b2706
b3357,b2231
b3357,b4175
b3357,b4174
b3357,b4173
b3357,b4172
b3357,b0107
b3357,b0106
b3357,b3394
b3357,b3393
b3357,b4000
b3357,b0440
b3357,b2481
b3357,b2482
b3357,b2483
b3357,b2485
b3357,b2486
b3357,b2488
b3357,b3670
b3357,b3168
b3357,b3672
b3357,b3132
b3357,b0345
b3357,b0116
b3357,b1515
b3357,b1517
b3357,b1620
b3357,b3418
b3357,b1621
b3357,b1622
b3357,b1817
b3357,b1818
b3357,b1819
b3357,b1531
b3357,b2782
b3357,b3236
b3357,b4120
b3357,b2150
b3357,b0348
b3357,b0349
b3357,b0350
b3357,b0351
b3357,b1594
b3357,b0763
b3357,b3600
b3357,b2428
b3357,b0678
b3357,b0675
b3357,b3222
b3357,b3224
b3357,b3414
b3357,b0553
b3357,b2393
b3357,b3169
b3357,b0957
b3357,b0929
b3357,b4376
b3357,b1389
b3357,b1390
b3357,b1391
b3357,b1393
b3357,b1394
b3357,b1395
b3357,b1387
b3357,b0903
b3357,b2926
b3357,b3164
b3357,b0108
b3357,b2146
b3357,b0331
b3357,b0333
b3357,b0334
b3357,b0335
b3357,b0330
b3357,b2415
b3357,b2416
b3357,b1015
b3357,b3167
b3357,b3750
b3357,b3748
b3357,b3752
b3357,b3753
b3357,b2784
b3357,b3902
b3357,b3906
b3357,b3170
b3357,b0189
b3357,b2741
b3357,b2913
b3357,b0146
b3357,b3581
b3357,b3582
b3357,b0726
b3357,b0729
b3357,b3116
b3357,b3114
b3357,b3709
b3357,b3707
b3357,b3781
b3357,b0411
b3357,b2232
b3357,b3831
b3357,b3452
b3357,b3453
b3357,b3450
b3357,b3451
b3357,b1615
b3357,b4196
b3357,b4197
b3357,b4198
b3357,b3091
b3357,b3092
b3357,b4323
b3357,b1111
b3357,b3356
b3357,b3578
b3357,b3579
b3357,b1593
b1040,b0385
b1040,b1042
b1040,b1041
b1040,b1043
b1040,b1040
b1040,b1039
b1040,b1038
b1040,b1037
b1040,b1937
b1040,b1938
b1040,b1939
b1040,b1940
b1040,b1941
b1040,b1942
b1040,b1943
b1040,b0382
b1040,b3661
b1040,b0237
b1040,b1004
b1040,b1003
b1040,b0964
b1040,b3156
b1040,b3157
b2664,b2659
b2664,b2661
b2664,b2663
b2664,b2662
b2664,b2660
b3556,b2231
b3556,b1237
b0487,b0484
b0487,b0123
b0487,b0781
b0487,b0782
b0487,b0783
b0487,b0784
b0487,b0785
b0571,b0575
b0571,b0574
b0571,b0572
b0571,b0573
b0571,b0571
b0571,b0570
b0338,b0338
b0338,b0340
b0338,b0339
b0338,b0341
b1275,b1987
b1275,b2422
b1275,b1275
b1275,b2750
b1275,b2752
b1275,b2762
b1275,b2763
b1275,b2764
b1275,b2414
b1275,b2421
b1275,b2751
b1275,b2425
b1275,b2424
b1275,b2423
b1275,b1379
b1275,b0936
b1275,b0933
b1275,b0934
b1275,b0935
b1275,b0937
b1275,b0365
b1275,b0366
b1275,b0367
b1275,b0368
b3934,b2143
b3934,b3934
b3934,b4382
b3934,b4383
b3934,b4384
b3934,b2393
b3934,b2964
b3934,b3363
b3934,b0411
b3934,b3831
b4124,b3528
b4124,b4123
b4124,b0620
b4124,b0619
b4124,b4154
b4124,b4153
b4124,b4152
b4124,b4151
b4124,b4122
b0840,b4382
b0840,b4383
b0840,b4384
b0840,b2964
b0840,b0411
b1201,b1200
b1201,b1199
b1201,b1198
b1201,b1201
b1570,b1575
b1570,b1579
b1570,b1576
b1570,b1577
b0226,b0623
b0226,b0226
b0226,b0225
b3702,b1415
b3702,b3702
b3702,b3701
b3702,b2507
b3702,b2508
b3702,b2234
b3702,b2235
b3702,b3863
b3702,b3700
b3702,b3461
b3702,b2236
b0620,b0564
b0620,b0618
b0620,b0617
b0620,b0616
b0620,b0615
b0620,b0613
b0620,b0614
b0620,b0620
b0620,b0619
b0620,b3093
b0620,b3236
b2365,b2366
b2365,b2365
b3075,b3076
b3075,b3077
b0294,b0293
b0294,b0294
b0294,b1891
b0294,b1892
b0294,b1922
b0294,b1923
b0294,b1920
b0294,b1921
b3264,b0463
b3264,b0462
b0566,b2215
b0566,b0929
b2369,b2470
b2369,b2368
b2369,b2367
b2369,b2369
b2369,b2370
b2369,b2374
b2369,b3512
b2369,b3513
b2369,b3514
b2369,b1500
b2369,b1499
b2369,b1501
b2369,b2085
b2369,b2083
b2369,b2375
b3094,b3094
b3094,b3091
b3094,b3092
b3094,b4322
b3094,b4323
b3963,b0954
b3963,b2323
b1187,b0954
b1187,b3845
b1187,b1805
b1187,b0221
b1187,b2341
b1187,b3495
b1384,b1385
b2731,b4079
b2731,b2731
b2731,b2492
b2731,b2725
b2731,b2724
b2731,b2723
b2731,b2722
b2731,b2721
b2731,b2720
b2731,b2719
b2731,b2718
b2731,b2717
b2731,b2713
b2731,b2481
b2731,b2482
b2731,b2483
b2731,b2484
b2731,b2485
b2731,b2486
b2731,b2487
b2731,b2488
b2731,b2489
b2731,b2490
b2731,b2491
b2731,b2726
b2731,b2727
b2731,b2728
b2731,b2729
b2731,b2730
b2731,b2712
b3261,b0118
b3261,b4069
b3261,b4067
b3261,b1241
b3261,b3853
b3261,b3588
b3261,b2957
b3261,b0050
b3261,b0049
b3261,b3721
b3261,b3722
b3261,b3723
b3261,b0032
b3261,b0033
b3261,b3357
b3261,b1552
b3261,b3368
b3261,b4382
b3261,b4383
b3261,b4381
b3261,b4384
b3261,b0894
b3261,b0895
b3261,b0896
b3261,b0812
b3261,b3260
b3261,b3845
b3261,b3846
b3261,b3261
b3261,b1566
b3261,b4122
b3261,b3517
b3261,b1493
b3261,b1492
b3261,b3516
b3261,b2980
b3261,b3870
b3261,b3868
b3261,b3869
b3261,b0809
b3261,b2241
b3261,b2242
b3261,b2243
b3261,b2239
b3261,b2240
b3261,b2400
b3261,b2864
b3261,b2579
b3261,b2507
b3261,b2508
b3261,b2231
b3261,b3699
b3261,b1182
b3261,b1237
b3261,b4000
b3261,b0440
b3261,b0972
b3261,b0973
b3261,b0974
b3261,b0975
b3261,b0976
b3261,b0977
b3261,b3168
b3261,b1732
b3261,b0116
b3261,b4034
b3261,b4033
b3261,b4032
b3261,b1531
b3261,b1532
b3261,b1530
b3261,b2783
b3261,b2782
b3261,b2781
b3261,b2149
b3261,b2148
b3261,b4219
b3261,b3599
b3261,b3600
b3261,b3601
b3261,b3225
b3261,b3223
b3261,b3222
b3261,b3224
b3261,b1224
b3261,b1225
b3261,b1227
b3261,b1226
b3261,b1109
b3261,b3365
b3261,b3367
b3261,b3366
b3261,b2234
b3261,b2235
b3261,b4070
b3261,b4071
b3261,b4072
b3261,b4073
b3261,b4074
b3261,b4075
b3261,b4076
b3261,b2288
b3261,b2287
b3261,b2286
b3261,b2285
b3261,b2284
b3261,b2283
b3261,b2282
b3261,b2281
b3261,b2280
b3261,b2279
b3261,b2278
b3261,b2277
b3261,b2276
b3261,b3169
b3261,b1335
b3261,b1739
b3261,b4376
b3261,b0052
b3261,b0903
b3261,b3545
b3261,b4111
b3261,b1101
b3261,b0945
b3261,b0405
b3261,b3167
b3261,b3170
b3261,b3123
b3261,b3231
b3261,b3230
b3261,b3165
b3261,b0205
b3261,b2589
b3261,b2591
b3261,b0051
b3261,b1480
b3261,b1274
b3261,b1229
b3261,b1421
b3261,b3965
b3261,b3166
b3261,b3566
b3261,b3567
b3261,b3568
b3261,b3569
b3261,b1797
b3261,b2236
b3261,b3221
b3261,b4068
b3261,b1796
b1891,b2201
b1891,b2200
b1891,b2199
b1891,b2198
b1891,b2197
b1891,b2196
b1891,b2195
b1891,b2194
b1891,b1072
b1891,b1073
b1891,b1074
b1891,b1075
b1891,b1076
b1891,b1077
b1891,b1078
b1891,b1079
b1891,b1080
b1891,b1081
b1891,b1071
b1891,b1070
b1891,b1879
b1891,b1880
b1891,b1878
b1891,b1922
b1891,b1924
b1891,b1937
b1891,b1938
b1891,b1939
b1891,b1940
b1891,b1941
b1891,b1942
b1891,b1943
b1891,b1944
b1891,b1945
b1891,b1946
b1891,b1947
b1891,b1948
b1891,b1949
b1891,b1950
b1891,b1925
b1891,b1926
b1891,b1920
b1891,b1921
b1891,b2241
b1891,b2242
b1891,b2243
b1891,b0655
b1891,b0654
b1891,b0653
b1891,b0652
b1891,b2713
b1891,b2712
b1891,b3236
b1891,b2149
b1891,b2150
b1891,b2148
b1891,b2206
b1891,b2203
b1891,b2202
b1891,b2207
b1891,b2208
b1891,b2205
b1891,b2204
b1891,b4070
b1891,b4071
b1891,b4072
b1891,b4073
b1891,b4074
b1891,b4075
b1891,b4076
b1891,b2826
b1891,b2825
b1891,b2823
b1891,b2822
b1891,b1194
b1891,b1904
b1891,b2737
b1891,b2824
b1891,b3525
b1921,b1042
b1921,b1041
b1921,b1043
b1921,b1040
b1921,b1039
b1921,b1038
b1921,b1037
b1921,b1891
b1921,b1892
b1921,b1493
b1921,b1492
b1921,b3512
b1921,b1285
b1921,b3510
b1921,b3509
b1921,b3513
b1921,b3514
b1921,b2127
b1921,b4376
b1921,b3508
b1334,b0114
b1334,b0115
b1334,b2296
b1334,b1276
b1334,b3265
b1334,b3266
b1334,b1241
b1334,b3072
b1334,b1415
b1334,b0451
b1334,b2957
b1334,b4139
b1334,b0928
b1334,b3532
b1334,b4133
b1334,b0038
b1334,b0037
b1334,b0036
b1334,b0035
b1334,b2201
b1334,b2200
b1334,b2199
b1334,b2198
b1334,b2197
b1334,b2196
b1334,b2195
b1334,b2194
b1334,b1883
b1334,b1884
b1334,b1882
b1334,b1881
b1334,b0618
b1334,b0617
b1334,b0615
b1334,b0613
b1334,b0614
b1334,b0733
b1334,b0734
b1334,b0886
b1334,b0887
b1334,b0432
b1334,b0431
b1334,b0430
b1334,b0429
b1334,b0428
b1334,b4138
b1334,b4123
b1334,b0621
b1334,b0894
b1334,b0896
b1334,b1591
b1334,b0619
b1334,b3544
b1334,b3543
b1334,b3542
b1334,b3541
b1334,b3540
b1334,b2368
b1334,b2367
b1334,b0586
b1334,b4079
b1334,b1474
b1334,b1475
b1334,b1476
b1334,b3409
b1334,b0587
b1334,b0585
b1334,b0041
b1334,b0043
b1334,b0044
b1334,b1334
b1334,b0904
b1334,b2492
b1334,b4154
b1334,b4153
b1334,b4152
b1334,b4151
b1334,b1612
b1334,b4122
b1334,b1611
b1334,b3517
b1334,b3515
b1334,b3516
b1334,b3124
b1334,b3126
b1334,b3127
b1334,b3125
b1334,b2904
b1334,b2903
b1334,b2905
b1334,b1761
b1334,b0167
b1334,b0450
b1334,b2241
b1334,b2242
b1334,b2243
b1334,b2239
b1334,b2240
b1334,b3212
b1334,b3213
b1334,b3214
b1334,b2029
b1334,b2579
b1334,b0873
b1334,b0872
b1334,b1182
b1334,b2484
b1334,b2485
b1334,b2486
b1334,b2487
b1334,b2488
b1334,b2491
b1334,b2727
b1334,b2728
b1334,b2729
b1334,b2730
b1334,b4326
b1334,b3942
b1334,b0116
b1334,b3417
b1334,b3416
b1334,b0781
b1334,b0782
b1334,b0783
b1334,b0784
b1334,b0785
b1334,b0826
b1334,b1988
b1334,b2206
b1334,b2203
b1334,b2202
b1334,b2207
b1334,b2208
b1334,b2205
b1334,b2204
b1334,b1224
b1334,b1225
b1334,b1227
b1334,b1226
b1334,b1223
b1334,b1221
b1334,b1222
b1334,b1109
b1334,b3476
b1334,b3477
b1334,b3479
b1334,b3480
b1334,b3365
b1334,b3367
b1334,b3366
b1334,b2711
b1334,b4238
b1334,b4237
b1334,b4070
b1334,b4071
b1334,b4072
b1334,b4074
b1334,b4075
b1334,b4076
b1334,b2288
b1334,b2287
b1334,b2286
b1334,b2285
b1334,b2284
b1334,b2283
b1334,b2282
b1334,b2281
b1334,b2280
b1334,b2279
b1334,b2278
b1334,b2277
b1334,b2276
b1334,b1256
b1334,b0814
b1334,b0113
b1334,b1127
b1334,b1715
b1334,b3493
b1334,b1211
b1334,b1212
b1334,b3726
b1334,b3725
b1334,b3727
b1334,b3728
b1334,b2499
b1334,b2500
b1334,b1297
b1334,b3123
b1334,b3319
b1334,b3231
b1334,b2606
b1334,b1716
b1334,b3318
b1334,b3312
b1334,b3230
b1334,b3321
b1334,b2609
b1334,b3311
b1334,b3316
b1334,b0723
b1334,b0724
b1334,b0721
b1334,b0722
b1334,b3908
b1334,b4063
b1334,b4062
b1334,b0936
b1334,b0933
b1334,b0935
b1334,b0937
b1334,b0726
b1334,b0727
b1334,b0728
b1334,b0729
b1334,b1885
b1334,b1886
b1334,b3118
b1334,b3117
b1334,b3116
b1334,b3115
b1334,b3114
b1334,b3113
b1334,b1324
b1334,b2607
b1334,b4040
b1334,b4039
b1334,b2498
b1334,b2497
b1334,b3091
b1334,b3092
b1334,b2866
b1334,b2867
b1334,b2868
b1334,b1220
b1334,b1537
b1334,b1669
b1334,b1670
b1334,b1673
b1334,b1672
b1334,b1671
b1334,b1674
b1334,b1904
b1334,b2163
b1334,b2503
b1334,b2732
b1334,b3518
b1334,b1587
b1334,b1588
b1334,b1589
b1334,b1590
b1334,b3071
b1334,b3830
b1334,b4209
b1334,b1852
b2805,b2800
b2805,b2803
b2805,b2799
b2805,b2805
b2805,b2804
b0683,b0451
b0683,b0928
b0683,b2155
b0683,b0432
b0683,b0431
b0683,b0430
b0683,b0429
b0683,b0428
b0683,b0595
b0683,b0593
b0683,b0594
b0683,b0597
b0683,b0591
b0683,b3006
b0683,b3005
b0683,b4291
b0683,b3408
b0683,b3409
b0683,b3410
b0683,b0588
b0683,b0590
b0683,b0587
b0683,b0150
b0683,b1102
b0683,b4367
b0683,b1905
b0683,b4122
b0683,b1611
b0683,b0683
b0683,b3124
b0683,b3126
b0683,b3125
b0683,b1761
b0683,b0450
b0683,b3213
b0683,b2864
b0683,b2029
b0683,b0755
b0683,b2579
b0683,b3324
b0683,b3325
b0683,b3326
b0683,b3327
b0683,b3328
b0683,b3329
b0683,b3331
b0683,b3333
b0683,b3334
b0683,b2552
b0683,b0116
b0683,b4019
b0683,b3938
b0683,b1821
b0683,b1988
b0683,b1109
b0683,b1548
b0683,b2675
b0683,b2676
b0683,b2673
b0683,b0929
b0683,b1658
b0683,b2106
b0683,b2107
b0683,b0723
b0683,b0724
b0683,b0721
b0683,b0722
b0683,b1656
b0683,b4063
b0683,b0726
b0683,b0727
b0683,b0728
b0683,b0729
b0683,b1684
b0683,b1683
b0683,b1679
b0683,b1546
b0683,b1252
b0683,b1547
b0683,b2671
b0683,b3441
b0683,b3070
b3512,b4115
b3512,b3800
b3512,b1481
b3512,b4131
b3512,b4132
b3512,b1040
b3512,b1039
b3512,b1038
b3512,b1037
b3512,b0432
b3512,b0431
b3512,b0430
b3512,b0429
b3512,b0428
b3512,b3507
b3512,b0180
b3512,b1891
b3512,b1892
b3512,b1923
b3512,b0094
b3512,b0095
b3512,b3517
b3512,b1493
b3512,b1492
b3512,b3512
b3512,b3515
b3512,b3516
b3512,b3212
b3512,b3213
b3512,b2029
b3512,b3510
b3512,b3509
b3512,b3511
b3512,b0178
b3512,b0891
b3512,b0181
b3512,b0179
b3512,b3513
b3512,b3514
b3512,b1283
b3512,b1482
b3512,b0892
b3512,b1500
b3512,b3506
b3512,b1480
b3512,b2059
b3512,b2058
b3512,b2062
b3512,b2061
b3512,b2060
b3512,b1499
b3512,b1501
b3512,b3508
b3512,b3491
b3512,b4027
b3512,b4028
b3512,b4029
b3515,b3507
b3515,b3517
b3515,b1493
b3515,b1492
b3515,b3512
b3515,b3515
b3515,b3516
b3515,b3510
b3515,b3509
b3515,b3513
b3515,b3514
b3515,b3506
b3515,b3508
b3516,b0451
b3516,b0674
b3516,b3966
b3516,b4131
b3516,b4132
b3516,b3507
b3516,b3517
b3516,b1493
b3516,b1492
b3516,b3512
b3516,b3515
b3516,b3516
b3516,b0450
b3516,b3510
b3516,b3509
b3516,b3511
b3516,b1237
b3516,b0439
b3516,b3513
b3516,b3514
b3516,b3967
b3516,b2741
b3516,b3506
b3516,b1333
b3516,b0485
b3516,b0486
b3516,b3508
b2837,b2837
b2837,b0758
b2837,b2150
b2151,b0759
b2151,b0757
b2151,b0756
b2151,b2943
b2151,b2837
b2151,b2151
b2151,b0758
b2151,b2149
b2151,b2150
b2151,b2148
b2087,b2094
b2087,b2093
b2087,b2092
b2087,b2091
b2087,b2096
b2087,b2095
b2808,b2808
b2808,b2904
b2808,b2903
b2808,b2905
b2980,b2975
b2980,b2976
b2980,b2980
b2980,b2979
b2980,b4467
b2980,b2977
b3868,b0451
b3868,b2310
b3868,b1747
b3868,b1745
b3868,b1748
b3868,b1746
b3868,b1744
b3868,b1987
b3868,b1487
b3868,b1486
b3868,b1485
b3868,b1484
b3868,b1483
b3868,b1488
b3868,b3870
b3868,b3868
b3868,b0811
b3868,b0450
b3868,b3869
b3868,b0810
b3868,b0809
b3868,b2309
b3868,b2307
b3868,b2306
b3868,b2308
b3868,b1988
b3868,b0854
b3868,b0855
b3868,b0856
b3868,b0857
b3868,b1012
b3868,b1011
b3868,b1010
b3868,b1009
b3868,b1008
b3868,b1007
b3868,b1006
b3868,b1783
b3868,b1784
b3868,b3268
b3868,b3269
b3868,b3270
b3868,b3271
b3423,b2243
b3423,b3426
b3423,b3926
b3423,b2239
b3423,b3925
b3438,b1850
b3438,b1851
b3438,b3437
b3438,b3415
b3438,b3413
b3438,b4267
b3438,b4268
b3438,b4264
b3438,b4265
b3438,b3414
b2706,b2706
b2706,b2708
b2706,b2702
b2706,b2704
b2706,b2705
b2706,b2703
b2706,b2707
b2537,b2541
b2537,b2540
b2537,b2542
b2537,b2538
b2537,b2539
b2537,b2537
b4480,b1891
b4480,b1892
b4480,b3212
b4480,b3213
b4480,b3214
b1508,b1507
b1508,b1508
b1237,b3265
b1237,b3266
b1237,b3665
b1237,b4117
b1237,b4116
b1237,b0564
b1237,b3721
b1237,b3722
b1237,b3723
b1237,b4366
b1237,b0435
b1237,b4131
b1237,b4132
b1237,b4133
b1237,b0039
b1237,b0037
b1237,b0035
b1237,b0040
b1237,b2755
b1237,b2754
b1237,b2760
b1237,b2759
b1237,b2758
b1237,b2757
b1237,b2756
b1237,b3338
b1237,b0880
b1237,b0733
b1237,b0734
b1237,b2422
b1237,b3368
b1237,b2421
b1237,b2425
b1237,b2424
b1237,b2423
b1237,b3507
b1237,b0161
b1237,b0812
b1237,b0586
b1237,b2370
b1237,b0587
b1237,b0585
b1237,b4314
b1237,b4312
b1237,b4316
b1237,b4317
b1237,b4313
b1237,b4318
b1237,b4319
b1237,b4320
b1237,b4315
b1237,b1892
b1237,b1922
b1237,b1923
b1237,b1920
b1237,b1905
b1237,b2663
b1237,b3515
b1237,b0759
b1237,b0756
b1237,b0758
b1237,b3124
b1237,b3127
b1237,b3125
b1237,b3323
b1237,b3322
b1237,b3324
b1237,b3325
b1237,b3326
b1237,b3327
b1237,b3328
b1237,b3329
b1237,b3330
b1237,b3331
b1237,b3332
b1237,b3333
b1237,b3334
b1237,b3335
b1237,b2706
b1237,b2708
b1237,b1967
b1237,b3510
b1237,b3509
b1237,b3511
b1237,b2309
b1237,b2307
b1237,b2306
b1237,b2308
b1237,b1182
b1237,b1237
b1237,b0078
b1237,b0342
b1237,b0344
b1237,b0076
b1237,b0889
b1237,b2783
b1237,b2782
b1237,b3513
b1237,b3514
b1237,b0924
b1237,b0923
b1237,b0922
b1237,b0019
b1237,b0020
b1237,b1482
b1237,b2678
b1237,b1951
b1237,b2217
b1237,b2216
b1237,b2784
b1237,b3123
b1237,b0205
b1237,b2589
b1237,b2591
b1237,b0201
b1237,b3506
b1237,b0921
b1237,b1656
b1237,b2702
b1237,b2704
b1237,b2703
b1237,b2707
b1237,b2669
b1237,b1257
b1237,b1258
b1237,b1259
b1237,b1499
b1237,b1501
b1237,b3508
b1237,b3491
b1237,b4365
b4000,b0759
b4000,b0756
b4000,b0758
b4000,b3161
b4000,b0687
b4000,b1907
b2491,b2492
b2491,b2481
b2491,b2482
b2491,b2483
b2491,b2484
b2491,b2485
b2491,b2486
b2491,b2487
b2491,b2488
b2491,b2489
b2491,b2490
b2491,b2491
b4018,b4015
b4018,b4018
b4264,b3437
b4264,b4267
b4264,b4268
b4264,b4266
b4264,b4264
b4264,b4265
b1712,b4015
b1712,b4014
b1712,b4016
b1712,b4069
b1712,b4117
b1712,b2435
b1712,b2222
b1712,b2221
b1712,b2223
b1712,b0033
b1712,b1040
b1712,b1039
b1712,b1038
b1712,b1037
b1712,b2762
b1712,b2763
b1712,b3227
b1712,b0896
b1712,b3543
b1712,b3542
b1712,b3541
b1712,b3540
b1712,b0812
b1712,b3260
b1712,b2731
b1712,b4314
b1712,b4312
b1712,b4316
b1712,b4317
b1712,b4318
b1712,b4319
b1712,b4320
b1712,b4315
b1712,b3261
b1712,b1334
b1712,b0904
b1712,b0048
b1712,b0124
b1712,b2976
b1712,b4467
b1712,b2977
b1712,b0811
b1712,b0810
b1712,b0809
b1712,b2239
b1712,b2240
b1712,b0720
b1712,b3212
b1712,b3213
b1712,b3214
b1712,b2864
b1712,b1210
b1712,b2436
b1712,b1507
b1712,b1508
b1712,b0125
b1712,b0139
b1712,b2725
b1712,b2724
b1712,b2723
b1712,b2722
b1712,b2721
b1712,b2720
b1712,b2728
b1712,b2730
b1712,b3686
b1712,b1712
b1712,b0912
b1712,b3772
b1712,b3771
b1712,b3770
b1712,b3767
b1712,b3769
b1712,b3580
b1712,b3161
b1712,b1227
b1712,b1226
b1712,b1223
b1712,b1109
b1712,b3366
b1712,b0553
b1712,b2710
b1712,b2711
b1712,b4070
b1712,b4071
b1712,b4072
b1712,b4073
b1712,b4074
b1712,b4075
b1712,b4076
b1712,b2288
b1712,b2287
b1712,b2286
b1712,b2285
b1712,b2284
b1712,b2283
b1712,b2282
b1712,b2281
b1712,b2280
b1712,b2279
b1712,b2278
b1712,b2277
b1712,b2276
b1712,b2215
b1712,b0929
b1712,b3405
b1712,b1739
b1712,b4376
b1712,b1388
b1712,b1389
b1712,b1390
b1712,b1391
b1712,b1392
b1712,b1394
b1712,b1398
b1712,b1387
b1712,b0903
b1712,b3724
b1712,b1304
b1712,b1305
b1712,b1306
b1712,b1307
b1712,b1308
b1712,b4050
b1712,b3726
b1712,b3725
b1712,b3727
b1712,b3728
b1712,b3461
b1712,b4475
b1712,b3421
b1712,b3581
b1712,b3582
b1712,b3908
b1712,b1656
b1712,b1480
b1712,b0936
b1712,b0933
b1712,b0934
b1712,b0935
b1712,b0937
b1712,b0726
b1712,b0727
b1712,b0728
b1712,b0729
b1712,b1684
b1712,b1682
b1712,b1679
b1712,b1680
b1712,b3118
b1712,b3117
b1712,b3116
b1712,b3115
b1712,b3113
b1712,b1907
b1712,b4040
b1712,b4039
b1712,b4193
b1712,b4195
b1712,b4196
b1712,b4198
b1712,b4192
b1712,b3495
b1712,b0140
b1712,b2163
b1712,b3574
b1712,b3575
b1712,b3576
b1712,b3577
b1712,b3578
b1712,b3579
b1712,b4026
b1712,b4028
b1712,b4029
b1712,b4068
b3773,b3774
b3773,b3773
b2531,b2864
b2531,b0975
b2531,b0976
b2531,b2528
b2531,b2531
b2531,b2530
b2531,b2529
b2531,b2206
b2531,b2203
b2531,b2207
b2531,b2208
b2531,b2205
b2531,b3414
b2531,b2676
b2531,b1684
b2531,b1683
b2531,b1679
b2531,b1706
b1827,b1850
b1827,b1851
b0694,b0698
b0694,b0697
b0694,b0696
b0345,b0342
b0345,b0344
b0076,b3721
b0076,b3722
b0076,b3723
b0076,b4366
b0076,b4133
b0076,b2755
b0076,b2754
b0076,b2760
b0076,b2759
b0076,b2758
b0076,b2757
b0076,b2756
b0076,b1954
b0076,b0074
b0076,b0073
b0076,b0072
b0076,b0071
b0076,b0075
b0076,b0076
b0076,b4365
b4043,b1741
b4043,b0092
b4043,b0231
b4043,b3645
b4043,b4044
b4043,b0799
b4043,b1061
b4043,b0226
b4043,b3066
b4043,b0094
b4043,b0084
b4043,b0890
b4043,b0083
b4043,b0093
b4043,b0089
b4043,b0095
b4043,b3558
b4043,b4043
b4043,b0096
b4043,b2115
b4043,b0087
b4043,b0091
b4043,b0088
b4043,b0085
b4043,b0086
b4043,b0090
b4043,b0708
b4043,b0060
b4043,b2699
b4043,b2616
b4043,b2698
b4043,b3067
b4043,b3065
b4043,b1861
b4043,b1860
b4043,b4059
b4043,b0958
b4043,b4347
b4043,b1184
b4043,b1183
b4043,b4058
b4043,b0779
b4043,b1913
b4043,b3813
b4043,b1914
b4043,b0232
b4043,b0233
b4043,b0234
b4043,b0225
b4043,b0685
b4043,b1728
b4043,b1848
b3604,b3605
b3604,b3603
b3604,b3604
b2289,b4313
b2289,b1891
b2289,b1892
b2289,b2289
b0889,b4187
b0889,b2290
b0889,b2923
b0889,b0908
b0889,b3572
b0889,b4131
b0889,b2659
b0889,b4314
b0889,b4316
b0889,b4313
b0889,b4319
b0889,b4320
b0889,b4315
b0889,b2661
b0889,b2663
b0889,b2662
b0889,b2903
b0889,b2905
b0889,b3212
b0889,b3213
b0889,b3510
b0889,b3509
b0889,b3772
b0889,b3771
b0889,b3770
b0889,b0077
b0889,b3617
b0889,b2660
b0889,b3454
b0889,b3455
b0889,b3457
b0889,b3460
b0889,b0889
b0889,b2156
b0889,b4129
b0889,b2215
b0889,b1243
b0889,b1244
b0889,b1245
b0889,b1246
b0889,b1247
b0889,b1482
b0889,b4376
b0889,b2589
b0889,b2591
b0889,b0907
b0889,b2669
b0889,b3616
b0889,b2163
b0889,b3508
b1512,b1513
b1512,b1516
b1512,b1514
b1512,b1515
b1512,b1517
b1512,b1518
b1512,b1511
b1512,b1512
b1512,b1519
b2839,b2838
b2839,b2839
b1620,b1620
b1620,b1621
b1620,b1622
b3418,b4036
b3418,b4034
b3418,b4033
b3418,b4032
b3418,b4035
b3418,b4037
b3418,b3417
b3418,b3416
b3418,b3571
b3418,b0403
b1531,b1276
b1531,b3507
b1531,b3924
b1531,b3510
b1531,b3509
b1531,b2237
b1531,b1531
b1531,b1532
b1531,b1530
b1531,b0851
b1531,b0578
b1531,b0871
b1531,b0950
b1531,b0951
b1531,b4177
b1531,b1014
b1531,b3624
b1531,b0852
b1531,b4396
b1531,b3506
b1531,b3908
b1531,b3035
b1531,b3625
b1531,b0447
b1531,b0850
b1531,b0853
b1531,b3036
b1531,b3037
b1531,b3038
b1531,b3508
b1531,b1452
b1531,b1852
b1530,b1531
b1530,b1532
b1530,b1530
b1450,b0806
b1450,b1257
b1450,b1258
b1450,b1259
b4118,b4119
b4118,b4120
b4118,b4118
b3938,b0605
b3938,b0606
b3938,b2153
b3938,b4013
b3938,b3939
b3938,b3829
b3938,b3941
b3938,b2942
b3938,b3940
b3938,b0199
b3938,b0197
b3938,b3828
b3938,b2152
b3828,b2551
b3828,b2552
b3828,b3829
b3828,b4019
b3828,b3828
b0346,b0347
b0346,b0348
b0346,b0349
b0346,b0350
b0346,b0352
b0346,b0351
b1594,b2417
b1594,b3418
b1594,b1817
b1594,b1818
b1594,b1819
b1594,b1594
b1594,b1101
b1594,b2415
b1594,b2416
b1594,b1593
b2127,b4133
b2127,b1040
b2127,b1039
b2127,b1038
b2127,b1037
b2127,b3190
b2127,b3186
b2127,b3185
b0730,b0731
b0730,b0732
b0730,b0730
b0817,b0812
b0817,b2392
b0817,b1821
b0761,b2201
b0761,b2200
b0761,b2199
b0761,b2198
b0761,b2197
b0761,b2196
b0761,b2195
b0761,b2194
b0761,b4382
b0761,b4383
b0761,b4381
b0761,b4384
b0761,b0894
b0761,b0895
b0761,b0896
b0761,b2725
b0761,b2724
b0761,b2723
b0761,b2722
b0761,b2721
b0761,b2720
b0761,b2719
b0761,b2718
b0761,b2717
b0761,b0781
b0761,b0782
b0761,b0783
b0761,b0784
b0761,b0785
b0761,b0763
b0761,b0764
b0761,b0765
b0761,b2206
b0761,b2203
b0761,b2202
b0761,b2207
b0761,b2208
b0761,b2205
b0761,b2204
b0761,b1221
b0761,b1222
b0761,b1243
b0761,b1244
b0761,b1245
b0761,b1246
b0761,b1247
b2684,b0463
b2684,b0462
b2684,b2685
b2684,b2686
b2684,b2684
b2684,b0553
b3021,b0880
b3021,b3021
b3021,b3022
b3021,b2741
b3601,b3600
b3601,b3601
b2427,b2429
b2427,b2428
b2427,b2427
b1988,b3743
b1988,b0337
b1988,b0336
b1988,b2661
b1988,b2663
b1988,b2662
b1988,b1761
b1988,b3212
b1988,b3213
b1988,b3214
b1988,b3742
b1988,b3741
b1988,b1988
b1988,b2393
b1988,b2913
b4390,b0750
b4390,b2574
b4390,b0931
b4390,b0751
b0676,b1736
b0676,b1738
b0676,b1737
b0676,b1734
b0676,b1733
b0676,b1735
b0676,b0681
b0676,b4397
b0676,b4398
b0676,b4399
b0676,b4400
b0676,b2417
b0676,b1061
b0676,b3408
b0676,b3409
b0676,b3410
b0676,b4312
b0676,b2943
b0676,b3729
b0676,b3730
b0676,b1817
b0676,b1818
b0676,b1819
b0676,b0677
b0676,b0678
b0676,b0676
b0676,b0675
b0676,b0679
b0676,b4311
b0676,b4310
b0676,b2415
b0676,b2416
b0676,b0682
b0676,b1498
b0676,b1501
b3226,b4312
b3226,b3225
b3226,b4311
b3226,b3223
b3226,b3222
b3226,b4310
b3226,b3224
b1221,b4139
b1221,b2201
b1221,b2200
b1221,b2198
b1221,b2197
b1221,b2194
b1221,b0617
b1221,b0616
b1221,b0615
b1221,b0613
b1221,b0614
b1221,b0886
b1221,b0887
b1221,b3368
b1221,b4138
b1221,b4124
b1221,b4125
b1221,b0896
b1221,b1591
b1221,b0620
b1221,b1475
b1221,b1476
b1221,b4153
b1221,b4151
b1221,b4122
b1221,b0872
b1221,b0972
b1221,b0973
b1221,b0974
b1221,b0975
b1221,b0976
b1221,b0977
b1221,b2993
b1221,b2992
b1221,b2991
b1221,b2990
b1221,b2206
b1221,b2205
b1221,b2204
b1221,b1224
b1221,b1227
b1221,b1226
b1221,b1223
b1221,b3476
b1221,b3477
b1221,b3478
b1221,b3480
b1221,b3481
b1221,b3366
b1221,b2710
b1221,b4070
b1221,b4072
b1221,b4073
b1221,b4074
b1221,b4075
b1221,b4076
b1221,b2288
b1221,b2287
b1221,b2286
b1221,b2285
b1221,b2283
b1221,b2282
b1221,b2281
b1221,b2280
b1221,b2279
b1221,b2278
b1221,b2277
b1221,b1335
b1221,b0903
b1221,b0997
b1221,b1669
b1221,b1670
b1221,b1797
b1221,b1589
b1221,b1590
b1221,b4209
b2193,b2201
b2193,b2200
b2193,b2199
b2193,b2198
b2193,b2197
b2193,b2196
b2193,b2195
b2193,b2194
b2193,b4079
b2193,b1474
b2193,b1475
b2193,b1476
b2193,b0873
b2193,b0872
b2193,b0973
b2193,b0975
b2193,b0976
b2193,b0977
b2193,b2206
b2193,b2203
b2193,b2202
b2193,b2207
b2193,b2208
b2193,b2205
b2193,b2204
b2193,b3365
b2193,b3367
b2193,b3366
b2193,b2710
b2193,b2711
b2193,b4070
b2193,b4071
b2193,b4072
b2193,b4073
b2193,b4074
b2193,b4075
b2193,b4076
b2193,b1669
b2193,b1670
b2193,b1673
b2193,b1672
b2193,b1671
b2193,b1674
b2193,b1797
b2193,b1796
b2193,b4209
b1649,b1650
b1649,b1649
b0020,b0019
b0020,b0020
b0020,b1482
b0020,b1024
b0020,b1023
b0020,b1022
b0020,b1021
b3481,b3476
b3481,b3477
b3481,b3478
b3481,b3479
b3481,b3480
b3481,b3481
b2709,b2709
b2709,b2710
b2709,b2711
b0413,b2234
b0413,b2235
b0413,b4238
b0413,b2675
b0413,b2676
b0413,b4237
b0413,b2673
b4178,b0114
b4178,b0115
b4178,b2617
b4178,b4249
b4178,b2143
b4178,b0207
b4178,b2365
b4178,b1385
b4178,b2731
b4178,b1922
b4178,b1920
b4178,b1921
b4178,b2864
b4178,b1654
b4178,b0873
b4178,b0872
b4178,b2552
b4178,b2725
b4178,b2724
b4178,b2723
b4178,b2722
b4178,b2720
b4178,b2719
b4178,b2718
b4178,b2717
b4178,b2726
b4178,b2727
b4178,b2728
b4178,b2729
b4178,b1712
b4178,b1718
b4178,b0889
b4178,b0353
b4178,b1109
b4178,b2709
b4178,b4070
b4178,b4071
b4178,b4072
b4178,b4073
b4178,b4074
b4178,b4075
b4178,b4076
b4178,b2560
b4178,b1715
b4178,b1714
b4178,b3784
b4178,b3791
b4178,b3786
b4178,b3788
b4178,b3789
b4178,b1716
b4178,b1717
b4178,b1656
b4178,b1684
b4178,b1683
b4178,b1682
b4178,b1679
b4178,b2559
b4178,b1429
b4178,b1430
b4178,b1719
b4178,b3364
b4178,b3792
b4178,b3793
b4178,b3785
b4178,b1407
b4178,b1655
b4178,b1781
b4178,b1797
b4178,b2732
b4178,b3615
b4178,b1796
b4178,b4209
b3405,b0435
b3405,b1038
b3405,b2215
b3961,b0605
b3961,b0812
b3961,b0683
b3961,b2864
b3961,b4321
b3961,b3500
b3961,b0849
b3961,b0873
b3961,b0872
b3961,b3942
b3961,b2392
b3961,b0851
b3961,b3961
b3961,b1684
b3961,b1683
b3961,b1682
b3961,b1679
b3961,b1680
b3961,b2582
b3961,b4322
b3961,b0850
b3961,b0853
b1399,b1388
b1399,b1389
b1399,b1390
b1399,b1391
b1399,b1392
b1399,b1393
b1399,b1394
b1399,b1395
b1399,b1396
b1399,b1397
b1399,b1398
b1399,b1387
b0113,b0114
b0113,b0115
b0113,b0432
b0113,b0431
b0113,b0430
b0113,b0429
b0113,b0428
b0113,b0092
b0113,b4291
b0113,b4290
b0113,b4289
b0113,b4288
b0113,b4287
b0113,b0094
b0113,b0084
b0113,b0083
b0113,b0093
b0113,b0089
b0113,b0095
b0113,b2975
b0113,b2976
b0113,b2979
b0113,b4467
b0113,b2977
b0113,b2579
b0113,b0154
b0113,b0628
b0113,b0116
b0113,b0096
b0113,b0087
b0113,b0081
b0113,b0091
b0113,b0088
b0113,b0085
b0113,b0086
b0113,b0090
b0113,b1109
b0113,b0113
b0113,b0082
b0113,b0461
b4260,b0032
b4260,b0033
b4260,b4260
b0399,b1982
b0399,b2916
b0399,b1597
b0399,b1850
b0399,b4106
b0399,b4105
b0399,b4104
b0399,b4103
b0399,b4102
b0399,b4101
b0399,b4100
b0399,b4099
b0399,b4098
b0399,b4097
b0399,b4096
b0399,b4095
b0399,b4094
b0399,b4093
b0399,b4092
b0399,b0383
b0399,b0399
b0399,b0241
b0399,b1020
b0399,b0400
b0399,b3724
b0399,b2987
b0399,b4030
b0399,b0384
b0399,b3726
b0399,b3725
b0399,b3727
b0399,b3728
b0399,b3452
b0399,b3453
b0399,b3450
b0399,b3451
b0399,b3449
b0399,b3615
b1130,b0463
b1130,b0462
b1130,b1275
b1130,b3227
b1130,b3515
b1130,b3429
b1130,b3432
b1130,b3430
b1130,b3428
b1130,b3431
b1130,b3510
b1130,b3511
b1130,b0154
b1130,b3571
b1130,b3940
b1130,b1826
b1130,b0677
b1130,b0565
b1130,b0622
b1130,b1130
b1130,b4005
b1130,b4006
b1130,b1012
b1130,b1011
b1130,b1010
b1130,b1009
b1130,b1007
b1130,b1500
b1130,b1641
b1130,b3035
b1130,b4241
b1130,b0841
b1130,b1499
b1130,b1501
b1130,b3036
b1130,b3037
b1130,b3038
b1130,b3508
b1130,b3207
b0330,b0331
b0330,b0333
b0330,b0334
b0330,b0335
b0330,b0330
b1303,b1304
b1303,b1305
b1303,b1306
b1303,b1307
b1303,b1308
b1303,b1303
b1303,b4050
b1658,b0032
b1658,b0033
b1658,b0337
b1658,b0336
b1658,b2313
b1658,b2904
b1658,b2903
b1658,b2905
b1658,b2553
b1658,b2551
b1658,b2507
b1658,b2508
b1658,b1132
b1658,b1207
b1658,b4177
b1658,b1131
b1658,b2476
b1658,b4005
b1658,b0523
b1658,b2312
b1658,b4006
b1658,b0522
b1658,b2557
b1658,b2499
b1658,b2500
b1658,b1658
b1658,b1062
b1658,b0945
b1658,b2938
b1658,b2937
b1658,b2311
b1014,b1014
b1014,b1015
b3025,b1891
b3025,b1892
b3025,b3025
b3025,b3026
b3753,b3749
b3753,b3751
b3753,b3750
b3753,b3748
b3753,b3752
b3753,b3753
b2105,b2106
b2105,b2107
b2105,b2105
b1564,b1562
b1564,b1564
b1564,b1563
b3906,b3906
b3906,b3905
b3905,b3903
b3905,b3904
b3905,b3902
b3905,b3906
b3905,b3905
b3905,b3907
b4396,b1276
b4396,b0463
b4396,b0462
b4396,b3800
b4396,b2237
b4396,b1532
b4396,b1530
b4396,b2558
b4396,b2159
b4396,b0851
b4396,b0578
b4396,b0852
b4396,b4396
b4396,b3908
b4396,b3035
b4396,b0819
b4396,b0850
b4396,b0853
b4396,b3036
b4396,b3037
b4396,b3038
b4396,b1852
b4089,b4087
b4089,b4088
b4089,b4086
b4089,b4085
b4089,b4090
b4089,b4089
b1608,b1597
b1608,b1040
b1608,b1039
b1608,b1038
b1608,b1224
b1608,b1225
b1608,b1227
b1608,b1226
b1608,b0929
b3422,b4475
b3422,b3421
b1013,b0032
b1013,b0033
b1013,b0592
b1013,b3516
b1013,b1285
b1013,b1650
b1013,b1649
b1013,b1012
b1013,b1011
b1013,b1010
b1013,b1009
b1013,b1008
b1013,b1007
b1013,b1006
b1013,b1013
b1916,b0093
b1916,b0095
b1916,b3515
b1916,b1707
b0069,b2379
b0069,b0070
b0069,b0069
b0069,b0068
b0069,b0067
b0069,b0066
b1642,b1182
b4063,b1611
b4063,b4063
b4063,b4062
b4062,b0463
b4062,b0462
b4062,b2895
b4062,b3924
b4062,b1611
b4062,b0683
b4062,b2237
b4062,b1531
b4062,b1532
b4062,b1530
b4062,b2159
b4062,b0851
b4062,b0578
b4062,b4025
b4062,b0871
b4062,b0950
b4062,b0951
b4062,b1101
b4062,b3624
b4062,b1277
b4062,b0852
b4062,b4396
b4062,b3908
b4062,b4062
b4062,b3035
b4062,b3625
b4062,b0850
b4062,b3036
b4062,b3037
b4062,b3038
b4062,b1973
b4062,b1852
b2707,b2706
b2707,b2708
b2707,b2702
b2707,b2704
b2707,b2705
b2707,b2703
b2707,b2707
b2669,b3721
b2669,b3722
b2669,b3723
b2669,b0076
b2669,b2669
b3118,b3118
b3118,b3117
b3118,b3116
b3118,b3115
b3118,b3114
b3118,b3113
b3119,b3118
b3119,b3117
b3119,b3116
b3119,b3115
b3119,b3113
b0995,b3517
b0995,b3516
b0995,b3510
b0995,b3509
b0995,b3708
b0995,b3709
b0995,b3707
b0995,b0997
b0995,b0996
b0995,b0998
b0995,b0995
b0995,b3508
b4241,b4240
b4241,b4239
b4393,b1704
b4393,b0388
b4393,b0390
b4393,b3161
b4393,b1260
b4393,b1261
b4393,b1262
b4393,b1264
b4393,b1265
b4393,b4393
b3060,b3061
b3060,b3062
b3060,b3060
b3060,b3063
b1323,b2601
b1323,b0754
b1323,b0388
b1323,b0390
b1323,b0112
b1323,b0048
b1323,b3161
b1323,b2600
b1323,b4054
b1323,b1907
b1323,b1323
b3669,b3666
b1618,b1617
b1618,b1616
b1618,b1615
b1618,b1618
b4191,b4193
b4191,b4194
b4191,b4195
b4191,b4196
b4191,b4197
b4191,b4198
b4191,b4192
b4324,b4321
b4324,b1617
b4324,b1616
b4324,b1615
b4324,b4322
b4324,b4323
b4324,b4324
b4324,b4357
b2405,b2407
b2405,b2406
b3569,b3565
b3569,b3564
b3569,b3566
b3569,b3567
b3569,b3568
b3569,b3569
b1499,b3512
b1499,b3513
b1499,b3514
b1499,b1500
b1499,b1499
b2017,b2017
b2125,b4354
b2163,b2163
b3574,b3580
b3574,b3583
b3574,b3581
b3574,b3582
b3574,b3574
b3574,b3575
b3574,b3576
b3574,b3577
b3574,b3578
b3574,b3579
b4327,b0733
b4327,b0734
b4327,b2762
b4327,b4291
b4327,b4290
b4327,b4288
b4327,b4287
b4327,b3939
b4327,b0198
b4327,b3940
b4327,b0199
b4327,b0197
b3010,b3011
b3071,b3070
b3071,b3071
b3292,b3469
b4004,b4002
b4004,b4004
b4004,b4003
b4046,b0296
b4046,b1973
b4046,b1857
b4046,b1859
b4046,b1858
b1260,b1260
b1261,b1261
b1263,b1263
b1264,b1264
b1265,b1265
b3707,b3707
b3708,b3708
b3709,b3709
